ID,Name,Description,Category ID,Category Name,Price,Size,Available,Image URL,Popular,Preparation Time,Category EN,Category AZ,Category RU,Category TR,Category AR,Category HI,Category FR,Category IT,Name EN,Name AZ,Name RU,Name TR,Name AR,Name HI,Name FR,Name IT,Description EN,Description AZ,Description RU,Description TR,Description AR,Description HI,Description FR,Description IT,Created At,Updated At
1,For one person,,,BREAKFAST,22.00,,TRUE,https://encrypted-tbn0.gstatic.com/images?q=tbn:ANd9GcTcWKAPNpBPrNwnMLN98hVyg5Vs1x3GOpALlg&s,,15,BREAKFAST,SƏHƏR YEMƏYİ,ЗАВТРАКИ,KAHVALTI,الإفطار,नाश्ता,PETIT-DÉJEUNER,COLAZIONE,For one person,Bir nəfərlik,На одну персону,Tek kişilik,لشخص واحد,एक व्यक्ति के लिए,Pour une personne,Per una persona,,,,,,,,,,
2,For two persons,,,BREAKFAST,29.50,,TRUE,https://encrypted-tbn0.gstatic.com/images?q=tbn:ANd9GcTcWKAPNpBPrNwnMLN98hVyg5Vs1x3GOpALlg&s,,15,BREAKFAST,SƏHƏR YEMƏYİ,ЗАВТРАКИ,KAHVALTI,الإفطار,नाश्ता,PETIT-DÉJEUNER,COLAZIONE,For two persons,İki nəfərlik,На две персоны,İki kişilik,لشخصين,दो व्यक्तियों के लिए,Pour deux personnes,Per due persone,,,,,,,,,,
3,For four persons,,,BREAKFAST,42.00,,TRUE,https://encrypted-tbn0.gstatic.com/images?q=tbn:ANd9GcTcWKAPNpBPrNwnMLN98hVyg5Vs1x3GOpALlg&s,,15,BREAKFAST,SƏHƏR YEMƏYİ,ЗАВТРАКИ,KAHVALTI,الإفطار,नाश्ता,PETIT-DÉJEUNER,COLAZIONE,For four persons,Dörd nəfərlik,На четыре персоны,Dört kişilik,لأربعة أشخاص,चार व्यक्तियों के लिए,Pour quatre personnes,Per quattro persone,,,,,,,,,,
4,English Breakfast,,,BREAKFAST,13.00,,TRUE,https://encrypted-tbn0.gstatic.com/images?q=tbn:ANd9GcTcWKAPNpBPrNwnMLN98hVyg5Vs1x3GOpALlg&s,,15,BREAKFAST,SƏHƏR YEMƏYİ,ЗАВТРАКИ,KAHVALTI,الإفطار,नाश्ता,PETIT-DÉJEUNER,COLAZIONE,English Breakfast,İngilis səhər yeməyi,Английский завтрак,İngiliz kahvaltısı,إفطار إنجليزي,इंग्लिश ब्रेकफास्ट,Petit-déjeuner anglais,Colazione inglese,,,,,,,,,,
5,Fried Eggs with Sujuk,,,BREAKFAST,9.20,,TRUE,https://encrypted-tbn0.gstatic.com/images?q=tbn:ANd9GcTcWKAPNpBPrNwnMLN98hVyg5Vs1x3GOpALlg&s,,15,BREAKFAST,SƏHƏR YEMƏYİ,ЗАВТРАКИ,KAHVALTI,الإفطار,नाश्ता,PETIT-DÉJEUNER,COLAZIONE,Fried Eggs with Sujuk,Sucuklu yumurta,Яичница с суджуком,Sucuklu yumurta,بيض مع سجق,सुजुक के साथ अंडे,Œufs au soudjouk,Uova con salsiccia,,,,,,,,,,
6,Omelette,,,BREAKFAST,7.20,,TRUE,https://encrypted-tbn0.gstatic.com/images?q=tbn:ANd9GcTcWKAPNpBPrNwnMLN98hVyg5Vs1x3GOpALlg&s,,15,BREAKFAST,SƏHƏR YEMƏYİ,ЗАВТРАКИ,KAHVALTI,الإفطار,नाश्ता,PETIT-DÉJEUNER,COLAZIONE,Omelette,Sadə omlet,Омлет,Sade omlet,أومليت سادة,सादा ऑमलेट,Omelette nature,Omelette semplice,,,,,,,,,,
7,Mixed Omelette,,,BREAKFAST,9.20,,TRUE,https://encrypted-tbn0.gstatic.com/images?q=tbn:ANd9GcTcWKAPNpBPrNwnMLN98hVyg5Vs1x3GOpALlg&s,,15,BREAKFAST,SƏHƏR YEMƏYİ,ЗАВТРАКИ,KAHVALTI,الإفطار,नाश्ता,PETIT-DÉJEUNER,COLAZIONE,Mixed Omelette,Qarışıq omlet,Омлет с наполнителями,Karışık omlet,أومليت مشكل,मिक्स्ड ऑमलेट,Omelette mixte,Omelette mista,,,,,,,,,,
8,Omelette with Cheese,,,BREAKFAST,8.20,,TRUE,https://encrypted-tbn0.gstatic.com/images?q=tbn:ANd9GcTcWKAPNpBPrNwnMLN98hVyg5Vs1x3GOpALlg&s,,15,BREAKFAST,SƏHƏR YEMƏYİ,ЗАВТРАКИ,KAHVALTI,الإفطار,नाश्ता,PETIT-DÉJEUNER,COLAZIONE,Omelette with Cheese,Pendirli omlet,Омлет с сыром,Peynirli omlet,أومليت بالجبن,पनीर वाला ऑमलेट,Omelette au fromage,Omelette al formaggio,,,,,,,,,,
9,Eggs with Vegetables,,,BREAKFAST,9.90,,TRUE,https://encrypted-tbn0.gstatic.com/images?q=tbn:ANd9GcTcWKAPNpBPrNwnMLN98hVyg5Vs1x3GOpALlg&s,,15,BREAKFAST,SƏHƏR YEMƏYİ,ЗАВТРАКИ,KAHVALTI,الإفطار,नाश्ता,PETIT-DÉJEUNER,COLAZIONE,Eggs with Vegetables,Tərəvəzli yumurta,Яйца с овощами,Sebzeli yumurta,بيض مع خضار,सब्जियों के साथ अंडे,Œufs aux légumes,Uova con verdure,,,,,,,,,,
10,Mixed Bruschetta,,,APPETIZERS,12.50,,TRUE,https://encrypted-tbn0.gstatic.com/images?q=tbn:ANd9GcTcWKAPNpBPrNwnMLN98hVyg5Vs1x3GOpALlg&s,,15,APPETIZERS,QƏLYANALTlLAR,ЗАКУСКИ,MEZELER,المقبلات,स्टार्टर्स,ENTRÉES,ANTIPASTI,Mixed Bruschetta,Qarışıq brusketta,Ассорти брускетт,Karışık bruschetta,بروسكيتا مشكلة,मिक्स्ड ब्रुस्केटा,Bruschetta mixte,Bruschetta mista,,,,,,,,,,
11,Spinach Suzma,,,APPETIZERS,6.90,,TRUE,https://encrypted-tbn0.gstatic.com/images?q=tbn:ANd9GcTcWKAPNpBPrNwnMLN98hVyg5Vs1x3GOpALlg&s,,15,APPETIZERS,QƏLYANALTlLAR,ЗАКУСКИ,MEZELER,المقبلات,स्टार्टर्स,ENTRÉES,ANTIPASTI,Spinach Suzma,İspanaqlı süzmə,Шпинатная сюзьма,Ispanaklı süzme,سبانخ سوزما,पालक सूज़मा,Suzma aux épinards,Spinaci suzma,,,,,,,,,,
12,Pasha Ezme,,,APPETIZERS,6.90,,TRUE,https://encrypted-tbn0.gstatic.com/images?q=tbn:ANd9GcTcWKAPNpBPrNwnMLN98hVyg5Vs1x3GOpALlg&s,,15,APPETIZERS,QƏLYANALTlLAR,ЗАКУСКИ,MEZELER,المقبلات,स्टार्टर्स,ENTRÉES,ANTIPASTI,Pasha Ezme,Paşa əzmə,Паша эзме,Paşa ezme,باشا إزمه,पाशा एज़्मे,Pasha ezme,Pasha ezme,,,,,,,,,,
13,Mutabbal,,,APPETIZERS,6.90,,TRUE,https://encrypted-tbn0.gstatic.com/images?q=tbn:ANd9GcTcWKAPNpBPrNwnMLN98hVyg5Vs1x3GOpALlg&s,,15,APPETIZERS,QƏLYANALTlLAR,ЗАКУСКИ,MEZELER,المقبلات,स्टार्टर्स,ENTRÉES,ANTIPASTI,Mutabbal,Mütəbbəl,Мутаббаль,Mütebbal,متبل,मुतब्बल,Moutabal,Mutabbal,,,,,,,,,,
14,Humus,,,APPETIZERS,6.90,,TRUE,https://encrypted-tbn0.gstatic.com/images?q=tbn:ANd9GcTcWKAPNpBPrNwnMLN98hVyg5Vs1x3GOpALlg&s,,15,APPETIZERS,QƏLYANALTlLAR,ЗАКУСКИ,MEZELER,المقبلات,स्टार्टर्स,ENTRÉES,ANTIPASTI,Humus,Humus,Хумус,Humus,حمص,हुमस,Houmous,Hummus,,,,,,,,,,
15,Sandwich,,,APPETIZERS,10.00,,TRUE,https://encrypted-tbn0.gstatic.com/images?q=tbn:ANd9GcTcWKAPNpBPrNwnMLN98hVyg5Vs1x3GOpALlg&s,,15,APPETIZERS,QƏLYANALTlLAR,ЗАКУСКИ,MEZELER,المقبلات,स्टार्टर्स,ENTRÉES,ANTIPASTI,Sandwich,Kruasan sendviç,Сэндвич с круассаном,Kruvasan sandviç,ساندويتش كرواسان,क्रोइसैंट सैंडविच,Sandwich croissant,Sandwich croissant,,,,,,,,,,
16,Cheese Platter,,,APPETIZERS,22.50,,TRUE,https://encrypted-tbn0.gstatic.com/images?q=tbn:ANd9GcTcWKAPNpBPrNwnMLN98hVyg5Vs1x3GOpALlg&s,,15,APPETIZERS,QƏLYANALTlLAR,ЗАКУСКИ,MEZELER,المقبلات,स्टार्टर्स,ENTRÉES,ANTIPASTI,Cheese Platter,Pendir assorti,Сырная тарелка,Peynir tabağı,طبق الأجبان,पनीर थाली,Plateau de fromages,Tagliere di formaggi,,,,,,,,,,
17,Snack Platter,,,APPETIZERS,18.00,,TRUE,https://encrypted-tbn0.gstatic.com/images?q=tbn:ANd9GcTcWKAPNpBPrNwnMLN98hVyg5Vs1x3GOpALlg&s,,15,APPETIZERS,QƏLYANALTlLAR,ЗАКУСКИ,MEZELER,المقبلات,स्टार्टर्स,ENTRÉES,ANTIPASTI,Snack Platter,Assorti qəlyanalti,Ассорти закусок,Meze tabağı,طبق وجبات خفيفة مشكلة,स्नैक प्लेटर,Plateau d'amuse-bouches,Piatto di stuzzichini misti,,,,,,,,,,
18,Onion Rings,,,APPETIZERS,13.00,,TRUE,https://encrypted-tbn0.gstatic.com/images?q=tbn:ANd9GcTcWKAPNpBPrNwnMLN98hVyg5Vs1x3GOpALlg&s,,15,APPETIZERS,QƏLYANALTlLAR,ЗАКУСКИ,MEZELER,المقبلات,स्टार्टर्स,ENTRÉES,ANTIPASTI,Onion Rings,Qızardılmış soğan halqaları,Луковые кольца,Kızarmış soğan halkaları,حلقات البصل المقلية,तले हुए प्याज के छल्ले,Rondelles d'oignon frites,Anelli di cipolla fritti,,,,,,,,,,
19,Cheese Sticks,,,APPETIZERS,16.50,,TRUE,https://encrypted-tbn0.gstatic.com/images?q=tbn:ANd9GcTcWKAPNpBPrNwnMLN98hVyg5Vs1x3GOpALlg&s,,15,APPETIZERS,QƏLYANALTlLAR,ЗАКУСКИ,MEZELER,المقبلات,स्टार्टर्स,ENTRÉES,ANTIPASTI,Cheese Sticks,Pendir çubuqları,Сырные палочки,Peynir çubukları,أصابع الجبن,पनीर स्टिक्स,Bâtonnets de fromage,Bastoncini di formaggio,,,,,,,,,,
20,Shrimps Tempura,,,APPETIZERS,18.70,,TRUE,https://encrypted-tbn0.gstatic.com/images?q=tbn:ANd9GcTcWKAPNpBPrNwnMLN98hVyg5Vs1x3GOpALlg&s,,15,APPETIZERS,QƏLYANALTlLAR,ЗАКУСКИ,MEZELER,المقبلات,स्टार्टर्स,ENTRÉES,ANTIPASTI,Shrimps Tempura,Krevetlər klyarda,Креветки в темпуре,Karides tempura,روبيان تمبورا,झींगा टेम्पुरा,Crevettes tempura,Gamberetti in tempura,,,,,,,,,,
21,Chicken Nuggets,,,APPETIZERS,13.00,,TRUE,https://encrypted-tbn0.gstatic.com/images?q=tbn:ANd9GcTcWKAPNpBPrNwnMLN98hVyg5Vs1x3GOpALlg&s,,15,APPETIZERS,QƏLYANALTlLAR,ЗАКУСКИ,MEZELER,المقبلات,स्टार्टर्स,ENTRÉES,ANTIPASTI,Chicken Nuggets,Toyuq naqgetsləri,Куриные наггетсы,Tavuk nuggets,ناغتس الدجاج,चिकन नगेट्स,Nuggets de poulet,Nuggets di pollo,,,,,,,,,,
22,Bouillabaisse Seafood Soup,,,SOUPS,15.00,,TRUE,https://encrypted-tbn0.gstatic.com/images?q=tbn:ANd9GcTcWKAPNpBPrNwnMLN98hVyg5Vs1x3GOpALlg&s,,15,SOUPS,ŞORBALAR,СУПЫ,ÇORBALAR,الحساء,सूप,SOUPES,ZUPPE,Bouillabaisse Seafood Soup,Buyabes dəniz məhsulları şorbası,Буйабес с морепродуктами,Deniz ürünlü Bouillabaisse çorbası,حساء بوياباس المأكولات البحرية,बुयाबेस सीफूड सूप,Soupe de fruits de mer Bouillabaisse,Zuppa di frutti di mare Bouillabaisse,,,,,,,,,,
23,Dushbara,,,SOUPS,7.70,,TRUE,https://encrypted-tbn0.gstatic.com/images?q=tbn:ANd9GcTcWKAPNpBPrNwnMLN98hVyg5Vs1x3GOpALlg&s,,15,SOUPS,ŞORBALAR,СУПЫ,ÇORBALAR,الحساء,सूप,SOUPES,ZUPPE,Dushbara,Düşbərə,Дюшбара,Düşbere,دوشبارا,दुशबारा,Dushbara,Dushbara,,,,,,,,,,
24,Mushroom Soup,,,SOUPS,6.90,,TRUE,https://encrypted-tbn0.gstatic.com/images?q=tbn:ANd9GcTcWKAPNpBPrNwnMLN98hVyg5Vs1x3GOpALlg&s,,15,SOUPS,ŞORBALAR,СУПЫ,ÇORBALAR,الحساء,सूप,SOUPES,ZUPPE,Mushroom Soup,Göbələk şorbası,Грибной суп,Mantar çorbası,حساء الفطر,मशरूम सूप,Soupe aux champignons,Zuppa di funghi,,,,,,,,,,
25,Tomato Soup,,,SOUPS,7.50,,TRUE,https://encrypted-tbn0.gstatic.com/images?q=tbn:ANd9GcTcWKAPNpBPrNwnMLN98hVyg5Vs1x3GOpALlg&s,,15,SOUPS,ŞORBALAR,СУПЫ,ÇORBALAR,الحساء,सूप,SOUPES,ZUPPE,Tomato Soup,Tomat şorbası,Томатный суп,Domates çorbası,حساء الطماطم,टमाटर सूप,Soupe à la tomate,Zuppa di pomodoro,,,,,,,,,,
26,Chicken Soup,,,SOUPS,6.90,,TRUE,https://encrypted-tbn0.gstatic.com/images?q=tbn:ANd9GcTcWKAPNpBPrNwnMLN98hVyg5Vs1x3GOpALlg&s,,15,SOUPS,ŞORBALAR,СУПЫ,ÇORBALAR,الحساء,सूप,SOUPES,ZUPPE,Chicken Soup,Toyuq şorbası,Куриный суп,Tavuk çorbası,حساء الدجاج,चिकन सूप,Soupe au poulet,Zuppa di pollo,,,,,,,,,,
27,Lentil Soup,,,SOUPS,6.90,,TRUE,https://encrypted-tbn0.gstatic.com/images?q=tbn:ANd9GcTcWKAPNpBPrNwnMLN98hVyg5Vs1x3GOpALlg&s,,15,SOUPS,ŞORBALAR,СУПЫ,ÇORBALAR,الحساء,सूप,SOUPES,ZUPPE,Lentil Soup,Mərci şorbası,Чечевичный суп,Mercimek çorbası,حساء العدس,मसूर का सूप,Soupe aux lentilles,Zuppa di lenticchie,,,,,,,,,,
28,Shrimp Avocado Salad,,,SALADS,18.50,,TRUE,https://encrypted-tbn0.gstatic.com/images?q=tbn:ANd9GcTcWKAPNpBPrNwnMLN98hVyg5Vs1x3GOpALlg&s,,15,SALADS,SALATLAR,САЛАТЫ,SALATALAR,السلطات,सलाद,SALADES,INSALATE,Shrimp Avocado Salad,Krevetkalı avakado salatı,Салат с креветками и авокадо,Karidesli avokado salatası,سلطة الروبيان والأفوكادو,झींगा एवोकाडो सलाद,Salade d'avocat aux crevettes,Insalata di gamberetti e avocado,,,,,,,,,,
29,Caprese Salad,,,SALADS,20.90,,TRUE,https://encrypted-tbn0.gstatic.com/images?q=tbn:ANd9GcTcWKAPNpBPrNwnMLN98hVyg5Vs1x3GOpALlg&s,,15,SALADS,SALATLAR,САЛАТЫ,SALATALAR,السلطات,सलाद,SALADES,INSALATE,Caprese Salad,Salat caprese,Салат Капрезе,Caprese salatası,سلطة كابريزي,कैप्रीज सलाद,Salade Caprese,Insalata Caprese,,,,,,,,,,
30,Burrata Salad,,,SALADS,19.80,,TRUE,https://encrypted-tbn0.gstatic.com/images?q=tbn:ANd9GcTcWKAPNpBPrNwnMLN98hVyg5Vs1x3GOpALlg&s,,15,SALADS,SALATLAR,САЛАТЫ,SALATALAR,السلطات,सलाद,SALADES,INSALATE,Burrata Salad,Burrata salatı,Салат с бурратой,Burrata salatası,سلطة البوراتا,बुराटा सलाद,Salade de burrata,Insalata con burrata,,,,,,,,,,
31,Carpaccio,,,SALADS,18.00,,TRUE,https://encrypted-tbn0.gstatic.com/images?q=tbn:ANd9GcTcWKAPNpBPrNwnMLN98hVyg5Vs1x3GOpALlg&s,,15,SALADS,SALATLAR,САЛАТЫ,SALATALAR,السلطات,सलाद,SALADES,INSALATE,Carpaccio,Karpaço,Карпаччо,Carpaccio,كارباتشيو,कारपाचियो,Carpaccio,Carpaccio,,,,,,,,,,
32,Hot Fish Salad,,,SALADS,19.90,,TRUE,https://encrypted-tbn0.gstatic.com/images?q=tbn:ANd9GcTcWKAPNpBPrNwnMLN98hVyg5Vs1x3GOpALlg&s,,15,SALADS,SALATLAR,САЛАТЫ,SALATALAR,السلطات,सलाद,SALADES,INSALATE,Hot Fish Salad,İsti balıq salatı,Горячий рыбный салат,Sıcak balık salatası,سلطة السمك الساخنة,हॉट फिश सलाद,Salade chaude de poisson,Insalata calda di pesce,,,,,,,,,,
33,Special Hot Salad,,,SALADS,16.40,,TRUE,https://encrypted-tbn0.gstatic.com/images?q=tbn:ANd9GcTcWKAPNpBPrNwnMLN98hVyg5Vs1x3GOpALlg&s,,15,SALADS,SALATLAR,САЛАТЫ,SALATALAR,السلطات,सलाद,SALADES,INSALATE,Special Hot Salad,Xüsusi isti salat,Особый горячий салат,Özel sıcak salata,السلطة الساخنة الخاصة,स्पेशल हॉट सलाद,Salade chaude spéciale,Insalata calda speciale,,,,,,,,,,
34,Sesame Chicken Salad,,,SALADS,16.00,,TRUE,https://encrypted-tbn0.gstatic.com/images?q=tbn:ANd9GcTcWKAPNpBPrNwnMLN98hVyg5Vs1x3GOpALlg&s,,15,SALADS,SALATLAR,САЛАТЫ,SALATALAR,السلطات,सलाद,SALADES,INSALATE,Sesame Chicken Salad,Küncütlü toyuq salatı,Куриный салат с кунжутом,Susamlı tavuk salatası,سلطة الدجاج بالسمسم,तिल चिकन सलाद,Salade de poulet au sésame,Insalata di pollo al sesamo,,,,,,,,,,
35,Caesar Salad with Chicken,,,SALADS,16.40,,TRUE,https://encrypted-tbn0.gstatic.com/images?q=tbn:ANd9GcTcWKAPNpBPrNwnMLN98hVyg5Vs1x3GOpALlg&s,,15,SALADS,SALATLAR,САЛАТЫ,SALATALAR,السلطات,सलाद,SALADES,INSALATE,Caesar Salad with Chicken,Sezar salatı toyuqla,Салат Цезарь с курицей,Tavuklu Sezar salatası,سلطة سيزر بالدجاج,चिकन सीज़र सलाद,Salade César au poulet,Insalata Caesar con pollo,,,,,,,,,,
36,Caesar Salad with Shrimps,,,SALADS,18.70,,TRUE,https://encrypted-tbn0.gstatic.com/images?q=tbn:ANd9GcTcWKAPNpBPrNwnMLN98hVyg5Vs1x3GOpALlg&s,,15,SALADS,SALATLAR,САЛАТЫ,SALATALAR,السلطات,सलाद,SALADES,INSALATE,Caesar Salad with Shrimps,Sezar salatı krevetlə,Салат Цезарь с креветками,Karidesli Sezar salatası,سلطة سيزر بالروبيان,झींगा सीज़र सलाद,Salade César aux crevettes,Insalata Caesar con gamberetti,,,,,,,,,,
37,Mix Salad,,,SALADS,9.20,,TRUE,https://encrypted-tbn0.gstatic.com/images?q=tbn:ANd9GcTcWKAPNpBPrNwnMLN98hVyg5Vs1x3GOpALlg&s,,15,SALADS,SALATLAR,САЛАТЫ,SALATALAR,السلطات,सलाद,SALADES,INSALATE,Mix Salad,Qaşıq salatı,Микс-салат,Karışık salata,سلطة مشكلة,मिक्स सलाद,Salade mixte,Insalata mista,,,,,,,,,,
38,Tuna Fish Salad,,,SALADS,16.00,,TRUE,https://encrypted-tbn0.gstatic.com/images?q=tbn:ANd9GcTcWKAPNpBPrNwnMLN98hVyg5Vs1x3GOpALlg&s,,15,SALADS,SALATLAR,САЛАТЫ,SALATALAR,السلطات,सलाद,SALADES,INSALATE,Tuna Fish Salad,Ton balıq salatı,Салат с тунцом,Ton balıklı salata,سلطة التونة,टूना फिश सलाद,Salade de thon,Insalata di tonno,,,,,,,,,,
39,Eggplant Crunchy Salad,,,SALADS,11.00,,TRUE,https://encrypted-tbn0.gstatic.com/images?q=tbn:ANd9GcTcWKAPNpBPrNwnMLN98hVyg5Vs1x3GOpALlg&s,,15,SALADS,SALATLAR,САЛАТЫ,SALATALAR,السلطات,सलाद,SALADES,INSALATE,Eggplant Crunchy Salad,Badımcan xırt-xırt salatı,Хрустящий салат с баклажанами,Patlıcan çıtır salatası,سلطة الباذنجان المقرمشة,बैंगन क्रिस्पी सलाद,Salade croustillante d'aubergines,Insalata croccante di melanzane,,,,,,,,,,
40,Tomato Salad with Cornel Sauce,,,SALADS,11.00,,TRUE,https://encrypted-tbn0.gstatic.com/images?q=tbn:ANd9GcTcWKAPNpBPrNwnMLN98hVyg5Vs1x3GOpALlg&s,,15,SALADS,SALATLAR,САЛАТЫ,SALATALAR,السلطات,सलाद,SALADES,INSALATE,Tomato Salad with Cornel Sauce,Zoğal souslu pomidor salatı,Салат из помидоров с соусом из кизила,Kızılcık soslu domates salatası,سلطة الطماطم مع صلصة الكورنيل,कॉर्नेल सॉस के साथ टमाटर सलाद,Salade de tomates à la sauce cornouille,Insalata di pomodori con salsa di corniolo,,,,,,,,,,
41,Smoked Salmon Salad,,,SALADS,18.60,,TRUE,https://encrypted-tbn0.gstatic.com/images?q=tbn:ANd9GcTcWKAPNpBPrNwnMLN98hVyg5Vs1x3GOpALlg&s,,15,SALADS,SALATLAR,САЛАТЫ,SALATALAR,السلطات,सलाद,SALADES,INSALATE,Smoked Salmon Salad,Hisə verilmiş qızılbalıq salatı,Салат с копченым лососем,Füme somon salatası,سلطة السلمون المدخن,स्मोक्ड सैल्मन सलाद,Salade de saumon fumé,Insalata di salmone affumicato,,,,,,,,,,
42,Hot Chicken Salad,,,SALADS,14.50,,TRUE,https://encrypted-tbn0.gstatic.com/images?q=tbn:ANd9GcTcWKAPNpBPrNwnMLN98hVyg5Vs1x3GOpALlg&s,,15,SALADS,SALATLAR,САЛАТЫ,SALATALAR,السلطات,सलाद,SALADES,INSALATE,Hot Chicken Salad,İsti toyuq salatı,Горячий куриный салат,Sıcak tavuk salatası,سلطة الدجاج الساخنة,हॉट चिकन सलाद,Salade chaude de poulet,Insalata calda di pollo,,,,,,,,,,
43,Seafood Fettuccine,,,PASTA,20.50,,TRUE,https://encrypted-tbn0.gstatic.com/images?q=tbn:ANd9GcTcWKAPNpBPrNwnMLN98hVyg5Vs1x3GOpALlg&s,,15,PASTA,PASTALAR,ПАСТА,MAKARNALAR,المعكرونة,पास्ता,PÂTES,PASTA,Seafood Fettuccine,Dəniz məhsullu fettuçini,Феттучини с морепродуктами,Deniz ürünlü fettuccine,فيتوتشيني المأكولات البحرية,सीफूड फेट्टुचिनी,Fettuccine aux fruits de mer,Fettuccine ai frutti di mare,,,,,,,,,,
44,Chicken Penne,,,PASTA,16.40,,TRUE,https://encrypted-tbn0.gstatic.com/images?q=tbn:ANd9GcTcWKAPNpBPrNwnMLN98hVyg5Vs1x3GOpALlg&s,,15,PASTA,PASTALAR,ПАСТА,MAKARNALAR,المعكرونة,पास्ता,PÂTES,PASTA,Chicken Penne,Toyuqlu penne,Пенне с курицей,Tavuklu penne,بيني بالدجاج,चिकन पेन्ने,Penne au poulet,Penne al pollo,,,,,,,,,,
45,Penne Arrabbiata,,,PASTA,14.00,,TRUE,https://encrypted-tbn0.gstatic.com/images?q=tbn:ANd9GcTcWKAPNpBPrNwnMLN98hVyg5Vs1x3GOpALlg&s,,15,PASTA,PASTALAR,ПАСТА,MAKARNALAR,المعكرونة,पास्ता,PÂTES,PASTA,Penne Arrabbiata,Penne arabiata,Пенне Арабиата,Penne arrabiata,بيني أرابياتا,पेन्ने अराबिआता,Penne all'arrabbiata,Penne all'arrabbiata,,,,,,,,,,
46,Fettuccine Alfredo,,,PASTA,17.00,,TRUE,https://encrypted-tbn0.gstatic.com/images?q=tbn:ANd9GcTcWKAPNpBPrNwnMLN98hVyg5Vs1x3GOpALlg&s,,15,PASTA,PASTALAR,ПАСТА,MAKARNALAR,المعكرونة,पास्ता,PÂTES,PASTA,Fettuccine Alfredo,Fettuçini alfredo,Феттучини Альфредо,Fettuccine alfredo,فيتوتشيني ألفريدو,फेट्टुचिनी अल्फ्रेडो,Fettuccine Alfredo,Fettuccine Alfredo,,,,,,,,,,
47,Spaghetti Bolognese,,,PASTA,16.90,,TRUE,https://encrypted-tbn0.gstatic.com/images?q=tbn:ANd9GcTcWKAPNpBPrNwnMLN98hVyg5Vs1x3GOpALlg&s,,15,PASTA,PASTALAR,ПАСТА,MAKARNALAR,المعكرونة,पास्ता,PÂTES,PASTA,Spaghetti Bolognese,Spaqetti bolonez,Спагетти Болоньезе,Spagetti bolonez,سباغيتي بولونيز,स्पेगेटी बोलोनीज़,Spaghetti bolognaise,Spaghetti alla bolognese,,,,,,,,,,
48,Manti,,,PASTA,13.00,,TRUE,https://encrypted-tbn0.gstatic.com/images?q=tbn:ANd9GcTcWKAPNpBPrNwnMLN98hVyg5Vs1x3GOpALlg&s,,15,PASTA,PASTALAR,ПАСТА,MAKARNALAR,المعكرونة,पास्ता,PÂTES,PASTA,Manti,Mantı,Манты,Mantı,مانتي,मंती,Manti,Manti,,,,,,,,,,
49,Penne with Pesto Sauce,,,PASTA,16.40,,TRUE,https://encrypted-tbn0.gstatic.com/images?q=tbn:ANd9GcTcWKAPNpBPrNwnMLN98hVyg5Vs1x3GOpALlg&s,,15,PASTA,PASTALAR,ПАСТА,MAKARNALAR,المعكرونة,पास्ता,PÂTES,PASTA,Penne with Pesto Sauce,Pesta souslu penna,Пенне с соусом песто,Pesto soslu penne,بيني مع صلصة البيستو,पेस्टो सॉस के साथ पेन्ने,Penne à la sauce pesto,Penne al pesto,,,,,,,,,,
50,Enchiladas,,,BURGERS & ROLLS,11.00,,TRUE,https://encrypted-tbn0.gstatic.com/images?q=tbn:ANd9GcTcWKAPNpBPrNwnMLN98hVyg5Vs1x3GOpALlg&s,,15,BURGERS & ROLLS,BURGER VƏ ROLLAR,БУРГЕРЫ И РОЛЛЫ,BURGERLER VE SANDVİÇLER,البرغر والساندويتشات,बर्गर और रोल्स,BURGERS ET SANDWICHS,HAMBURGER E PANINI,Enchiladas,Ençilades,Энчиладас,Enchiladas,إنشيلاداس,एन्चिलादास,Enchiladas,Enchiladas,,,,,,,,,,
51,Hamburger,,,BURGERS & ROLLS,16.00,,TRUE,https://encrypted-tbn0.gstatic.com/images?q=tbn:ANd9GcTcWKAPNpBPrNwnMLN98hVyg5Vs1x3GOpALlg&s,,15,BURGERS & ROLLS,BURGER VƏ ROLLAR,БУРГЕРЫ И РОЛЛЫ,BURGERLER VE SANDVİÇLER,البرغر والساندويتشات,बर्गर और रोल्स,BURGERS ET SANDWICHS,HAMBURGER E PANINI,Hamburger,Hamburger,Гамбургер,Hamburger,هامبرغر,हैमबर्गर,Hamburger,Hamburger,,,,,,,,,,
52,Cheeseburger,,,BURGERS & ROLLS,17.60,,TRUE,https://encrypted-tbn0.gstatic.com/images?q=tbn:ANd9GcTcWKAPNpBPrNwnMLN98hVyg5Vs1x3GOpALlg&s,,15,BURGERS & ROLLS,BURGER VƏ ROLLAR,БУРГЕРЫ И РОЛЛЫ,BURGERLER VE SANDVİÇLER,البرغر والساندويتشات,बर्गर और रोल्स,BURGERS ET SANDWICHS,HAMBURGER E PANINI,Cheeseburger,Çizburger,Чизбургер,Cheeseburger,تشيزبرغر,चीज़बर्गर,Cheeseburger,Cheeseburger,,,,,,,,,,
53,Club Sandwich,,,BURGERS & ROLLS,15.00,,TRUE,https://encrypted-tbn0.gstatic.com/images?q=tbn:ANd9GcTcWKAPNpBPrNwnMLN98hVyg5Vs1x3GOpALlg&s,,15,BURGERS & ROLLS,BURGER VƏ ROLLAR,БУРГЕРЫ И РОЛЛЫ,BURGERLER VE SANDVİÇLER,البرغر والساندويتشات,बर्गर और रोल्स,BURGERS ET SANDWICHS,HAMBURGER E PANINI,Club Sandwich,Club sendviç,Клаб-сэндвич,Kulüp sandviç,كلوب ساندويتش,क्लब सैंडविच,Club sandwich,Club sandwich,,,,,,,,,,
54,Caesar Roll,,,BURGERS & ROLLS,16.00,,TRUE,https://encrypted-tbn0.gstatic.com/images?q=tbn:ANd9GcTcWKAPNpBPrNwnMLN98hVyg5Vs1x3GOpALlg&s,,15,BURGERS & ROLLS,BURGER VƏ ROLLAR,БУРГЕРЫ И РОЛЛЫ,BURGERLER VE SANDVİÇLER,البرغر والساندويتشات,बर्गर और रोल्स,BURGERS ET SANDWICHS,HAMBURGER E PANINI,Caesar Roll,Sezar roll,Ролл Цезарь,Sezar roll,لفائف سيزر,सीज़र रोल,Caesar roll,Caesar roll,,,,,,,,,,
55,Chicken Burger,,,BURGERS & ROLLS,12.50,,TRUE,https://encrypted-tbn0.gstatic.com/images?q=tbn:ANd9GcTcWKAPNpBPrNwnMLN98hVyg5Vs1x3GOpALlg&s,,15,BURGERS & ROLLS,BURGER VƏ ROLLAR,БУРГЕРЫ И РОЛЛЫ,BURGERLER VE SANDVİÇLER,البرغر والساندويتشات,बर्गर और रोल्स,BURGERS ET SANDWICHS,HAMBURGER E PANINI,Chicken Burger,Toyuq burger,Куриный бургер,Tavuk burger,برغر الدجاج,चिकन बर्गर,Burger au poulet,Hamburger di pollo,,,,,,,,,,
56,Trio Burger,,,BURGERS & ROLLS,17.50,,TRUE,https://encrypted-tbn0.gstatic.com/images?q=tbn:ANd9GcTcWKAPNpBPrNwnMLN98hVyg5Vs1x3GOpALlg&s,,15,BURGERS & ROLLS,BURGER VƏ ROLLAR,БУРГЕРЫ И РОЛЛЫ,BURGERLER VE SANDVİÇLER,البرغر والساندويتشات,बर्गर और रोल्स,BURGERS ET SANDWICHS,HAMBURGER E PANINI,Trio Burger,Üçlü burger,Трио-бургер,Üçlü burger,برغر ثلاثي,ट्रायो बर्गर,Burger trio,Hamburger trio,,,,,,,,,,
57,Meat Quesadilla,,,BURGERS & ROLLS,18.00,,TRUE,https://encrypted-tbn0.gstatic.com/images?q=tbn:ANd9GcTcWKAPNpBPrNwnMLN98hVyg5Vs1x3GOpALlg&s,,15,BURGERS & ROLLS,BURGER VƏ ROLLAR,БУРГЕРЫ И РОЛЛЫ,BURGERLER VE SANDVİÇLER,البرغر والساندويتشات,बर्गर और रोल्स,BURGERS ET SANDWICHS,HAMBURGER E PANINI,Meat Quesadilla,Ət kesadilya,Кесадилья с мясом,Etli quesadilla,كيساديلا اللحم,मीट क्वेसाडिला,Quesadilla à la viande,Quesadilla con carne,,,,,,,,,,
58,Chicken Quesadilla,,,BURGERS & ROLLS,16.50,,TRUE,https://encrypted-tbn0.gstatic.com/images?q=tbn:ANd9GcTcWKAPNpBPrNwnMLN98hVyg5Vs1x3GOpALlg&s,,15,BURGERS & ROLLS,BURGER VƏ ROLLAR,БУРГЕРЫ И РОЛЛЫ,BURGERLER VE SANDVİÇLER,البرغر والساندويتشات,बर्गर और रोल्स,BURGERS ET SANDWICHS,HAMBURGER E PANINI,Chicken Quesadilla,Toyuq kesadilya,Кесадилья с курицей,Tavuklu quesadilla,كيساديلا الدجاج,चिकन क्वेसाडिला,Quesadilla au poulet,Quesadilla con pollo,,,,,,,,,,
59,Mixed Vegetables with Soya Sauce,,,CHICKEN DISHES,16.50,,TRUE,https://encrypted-tbn0.gstatic.com/images?q=tbn:ANd9GcTcWKAPNpBPrNwnMLN98hVyg5Vs1x3GOpALlg&s,,15,CHICKEN DISHES,TOYUQ YEMƏKLƏRİ,БЛЮДА ИЗ КУРИЦЫ,TAVUK YEMEKLERİ,أطباق الدجاج,चिकन व्यंजन,PLATS DE POULET,PIATTI DI POLLO,Mixed Vegetables with Soya Sauce,Soya souslu qarışıq tərəvəz,Овощи с соевым соусом,Soya soslu karışık sebzeler,خضار مشكلة مع صلصة الصويا,सोया सॉस के साथ मिश्रित सब्जियां,Légumes mixtes à la sauce soja,Verdure miste con salsa di soia,,,,,,,,,,
60,Chicken Milano,,,CHICKEN DISHES,16.50,,TRUE,https://encrypted-tbn0.gstatic.com/images?q=tbn:ANd9GcTcWKAPNpBPrNwnMLN98hVyg5Vs1x3GOpALlg&s,,15,CHICKEN DISHES,TOYUQ YEMƏKLƏRİ,БЛЮДА ИЗ КУРИЦЫ,TAVUK YEMEKLERİ,أطباق الدجاج,चिकन व्यंजन,PLATS DE POULET,PIATTI DI POLLO,Chicken Milano,Toyuq milano,Курица по-милански,Tavuk Milano,دجاج ميلانو,चिकन मिलानो,Poulet Milano,Pollo alla milanese,,,,,,,,,,
61,Chicken Kikkoman,,,CHICKEN DISHES,16.50,,TRUE,https://encrypted-tbn0.gstatic.com/images?q=tbn:ANd9GcTcWKAPNpBPrNwnMLN98hVyg5Vs1x3GOpALlg&s,,15,CHICKEN DISHES,TOYUQ YEMƏKLƏRİ,БЛЮДА ИЗ КУРИЦЫ,TAVUK YEMEKLERİ,أطباق الدجاج,चिकन व्यंजन,PLATS DE POULET,PIATTI DI POLLO,Chicken Kikkoman,Toyuq kikkoman,Курица киккоман,Tavuk Kikkoman,دجاج كيكومان,चिकन किक्कोमान,Poulet Kikkoman,Pollo Kikkoman,,,,,,,,,,
62,Meatballs with Vegetables,,,CHICKEN DISHES,17.50,,TRUE,https://encrypted-tbn0.gstatic.com/images?q=tbn:ANd9GcTcWKAPNpBPrNwnMLN98hVyg5Vs1x3GOpALlg&s,,15,CHICKEN DISHES,TOYUQ YEMƏKLƏRİ,БЛЮДА ИЗ КУРИЦЫ,TAVUK YEMEKLERİ,أطباق الدجاج,चिकन व्यंजन,PLATS DE POULET,PIATTI DI POLLO,Meatballs with Vegetables,Tərəvəzli köftə,Тефтели с овощами,Sebzeli köfte,كرات اللحم مع الخضار,सब्जियों के साथ मीटबॉल्स,Boulettes de viande aux légumes,Polpette con verdure,,,,,,,,,,
63,Fajitas with Chicken,,,CHICKEN DISHES,16.40,,TRUE,https://encrypted-tbn0.gstatic.com/images?q=tbn:ANd9GcTcWKAPNpBPrNwnMLN98hVyg5Vs1x3GOpALlg&s,,15,CHICKEN DISHES,TOYUQ YEMƏKLƏRİ,БЛЮДА ИЗ КУРИЦЫ,TAVUK YEMEKLERİ,أطباق الدجاج,चिकन व्यंजन,PLATS DE POULET,PIATTI DI POLLO,Fajitas with Chicken,Faxitas toyuq ilə,Фахитас с курицей,Tavuklu fajitas,فاهيتا مع الدجاج,चिकन फाहिता,Fajitas au poulet,Fajitas con pollo,,,,,,,,,,
64,Kiev Cutlet,,,CHICKEN DISHES,15.30,,TRUE,https://encrypted-tbn0.gstatic.com/images?q=tbn:ANd9GcTcWKAPNpBPrNwnMLN98hVyg5Vs1x3GOpALlg&s,,15,CHICKEN DISHES,TOYUQ YEMƏKLƏRİ,БЛЮДА ИЗ КУРИЦЫ,TAVUK YEMEKLERİ,أطباق الدجاج,चिकन व्यंजन,PLATS DE POULET,PIATTI DI POLLO,Kiev Cutlet,Kiyev sayağı kotlet,Котлета по-киевски,Kiev usulü kotlet,كوتليت كييف,कीव कटलेट,Côtelette à la Kiev,Cotoletta alla Kiev,,,,,,,,,,
65,Cream Cheese Chicken,,,CHICKEN DISHES,18.50,,TRUE,https://encrypted-tbn0.gstatic.com/images?q=tbn:ANd9GcTcWKAPNpBPrNwnMLN98hVyg5Vs1x3GOpALlg&s,,15,CHICKEN DISHES,TOYUQ YEMƏKLƏRİ,БЛЮДА ИЗ КУРИЦЫ,TAVUK YEMEKLERİ,أطباق الدجاج,चिकन व्यंजन,PLATS DE POULET,PIATTI DI POLLO,Cream Cheese Chicken,Qaymaqli pendirli toyuq,Курица со сливочным сыром,Kremalı peynirli tavuk,دجاج بالجبن الكريمي,क्रीम चीज़ चिकन,Poulet au fromage à la crème,Pollo con formaggio cremoso,,,,,,,,,,
66,Grilled Chicken,,,CHICKEN DISHES,16.00,,TRUE,https://encrypted-tbn0.gstatic.com/images?q=tbn:ANd9GcTcWKAPNpBPrNwnMLN98hVyg5Vs1x3GOpALlg&s,,15,CHICKEN DISHES,TOYUQ YEMƏKLƏRİ,БЛЮДА ИЗ КУРИЦЫ,TAVUK YEMEKLERİ,أطباق الدجاج,चिकन व्यंजन,PLATS DE POULET,PIATTI DI POLLO,Grilled Chicken,Toyuq izqara,Курица на гриле,Izgara tavuk,دجاج مشوي,ग्रिल्ड चिकन,Poulet grillé,Pollo alla griglia,,,,,,,,,,
67,Lamb with Cherry Sauce,,,MEAT DISHES,23.00,,TRUE,https://encrypted-tbn0.gstatic.com/images?q=tbn:ANd9GcTcWKAPNpBPrNwnMLN98hVyg5Vs1x3GOpALlg&s,,15,MEAT DISHES,ƏT YEMƏKLƏRİ,МЯСНЫЕ БЛЮДА,ET YEMEKLERİ,أطباق اللحوم,मांस व्यंजन,PLATS DE VIANDE,PIATTI DI CARNE,Lamb with Cherry Sauce,Albalı souslu quzu maça,Ягненок с вишневым соусом,Vişne soslu kuzu,لحم ضأن مع صلصة الكرز,चेरी सॉस के साथ मेमना,Agneau à la sauce cerise,Agnello con salsa di ciliegie,,,,,,,,,,
68,Lamb BBQ,,,MEAT DISHES,22.50,,TRUE,https://encrypted-tbn0.gstatic.com/images?q=tbn:ANd9GcTcWKAPNpBPrNwnMLN98hVyg5Vs1x3GOpALlg&s,,15,MEAT DISHES,ƏT YEMƏKLƏRİ,МЯСНЫЕ БЛЮДА,ET YEMEKLERİ,أطباق اللحوم,मांस व्यंजन,PLATS DE VIANDE,PIATTI DI CARNE,Lamb BBQ,Quzu barbekyu,Ягненок барбекю,Kuzu barbekü,لحم ضأن مشوي,मेमना बारबेक्यू,Agneau BBQ,Agnello BBQ,,,,,,,,,,
69,Pepper Steak,,,MEAT DISHES,34.00,,TRUE,https://encrypted-tbn0.gstatic.com/images?q=tbn:ANd9GcTcWKAPNpBPrNwnMLN98hVyg5Vs1x3GOpALlg&s,,15,MEAT DISHES,ƏT YEMƏKLƏRİ,МЯСНЫЕ БЛЮДА,ET YEMEKLERİ,أطباق اللحوم,मांस व्यंजन,PLATS DE VIANDE,PIATTI DI CARNE,Pepper Steak,Peper steyk,Стейк с перцем,Biberli biftek,ستيك بالفلفل,पेपर स्टेक,Steak au poivre,Bistecca al pepe,,,,,,,,,,
70,Rib-Eye Steak Porcini,,,MEAT DISHES,45.00,,TRUE,https://encrypted-tbn0.gstatic.com/images?q=tbn:ANd9GcTcWKAPNpBPrNwnMLN98hVyg5Vs1x3GOpALlg&s,,15,MEAT DISHES,ƏT YEMƏKLƏRİ,МЯСНЫЕ БЛЮДА,ET YEMEKLERİ,أطباق اللحوم,मांस व्यंजन,PLATS DE VIANDE,PIATTI DI CARNE,Rib-Eye Steak Porcini,Rib-eye steak porcini,Рибай стейк порчини,Rib-eye steak porcini,ريب آي ستيك بورتشيني,रिब-आई स्टेक पोर्चिनी,Entrecôte aux cèpes,Ribeye steak ai porcini,,,,,,,,,,
71,Beef Fajitas,,,MEAT DISHES,22.50,,TRUE,https://encrypted-tbn0.gstatic.com/images?q=tbn:ANd9GcTcWKAPNpBPrNwnMLN98hVyg5Vs1x3GOpALlg&s,,15,MEAT DISHES,ƏT YEMƏKLƏRİ,МЯСНЫЕ БЛЮДА,ET YEMEKLERİ,أطباق اللحوم,मांस व्यंजन,PLATS DE VIANDE,PIATTI DI CARNE,Beef Fajitas,Faxitas can əti ilə,Фахитас с говядиной,Etli fajitas,فاهيتا اللحم البقري,बीफ फाहिता,Fajitas au bœuf,Fajitas di manzo,,,,,,,,,,
72,Lamb Casserole,,,MEAT DISHES,18.50,,TRUE,https://encrypted-tbn0.gstatic.com/images?q=tbn:ANd9GcTcWKAPNpBPrNwnMLN98hVyg5Vs1x3GOpALlg&s,,15,MEAT DISHES,ƏT YEMƏKLƏRİ,МЯСНЫЕ БЛЮДА,ET YEMEKLERİ,أطباق اللحوم,मांस व्यंजन,PLATS DE VIANDE,PIATTI DI CARNE,Lamb Casserole,Quzu əti ilə kasarola,Касероле с бараниной,Kuzu güveç,كاسرول لحم الضأن,मेमना कैसरोल,Casserole d'agneau,Casseruola di agnello,,,,,,,,,,
73,Lamb Tandoori with Pilaf,,,MEAT DISHES,46.00,,TRUE,https://encrypted-tbn0.gstatic.com/images?q=tbn:ANd9GcTcWKAPNpBPrNwnMLN98hVyg5Vs1x3GOpALlg&s,,15,MEAT DISHES,ƏT YEMƏKLƏRİ,МЯСНЫЕ БЛЮДА,ET YEMEKLERİ,أطباق اللحوم,मांस व्यंजन,PLATS DE VIANDE,PIATTI DI CARNE,Lamb Tandoori with Pilaf,Quzu təndir plov ilə,Ягненок тандыр с пловом,Pilavlı tandır kuzu,لحم ضأن تندوري مع الأرز,पिलाफ के साथ तंदूरी मेमना,Agneau tandoori avec pilaf,Agnello tandoori con pilaf,,,,,,,,,,
74,Dolma (Stuffed Grape Leaves),,,NATIONAL CUISINE,13.00,,TRUE,https://encrypted-tbn0.gstatic.com/images?q=tbn:ANd9GcTcWKAPNpBPrNwnMLN98hVyg5Vs1x3GOpALlg&s,,15,NATIONAL CUISINE,MİLLİ MƏTBƏXİN KLASSİKLƏRİ,БЛЮДА НАЦИОНАЛЬНОЙ КУХНИ,YEREL MUTFAK KLASİKLERİ,المأكولات الوطنية الكلاسيكية,राष्ट्रीय व्यंजन,CUISINE NATIONALE CLASSIQUE,CUCINA NAZIONALE CLASSICA,Dolma (Stuffed Grape Leaves),Yarpaq dolma,Долма в виноградных листьях,Yaprak sarma,دولما (أوراق العنب المحشوة),डोल्मा (भरे हुए अंगूर के पत्ते),Dolma (feuilles de vigne farcies),Dolma (foglie di vite ripiene),,,,,,,,,,
75,Ciz-Biz,,,NATIONAL CUISINE,17.00,,TRUE,https://encrypted-tbn0.gstatic.com/images?q=tbn:ANd9GcTcWKAPNpBPrNwnMLN98hVyg5Vs1x3GOpALlg&s,,15,NATIONAL CUISINE,MİLLİ MƏTBƏXİN KLASSİKLƏRİ,БЛЮДА НАЦИОНАЛЬНОЙ КУХНИ,YEREL MUTFAK KLASİKLERİ,المأكولات الوطنية الكلاسيكية,राष्ट्रीय व्यंजन,CUISINE NATIONALE CLASSIQUE,CUCINA NAZIONALE CLASSICA,Ciz-Biz,Cız-bız,Джиз-быз,Cız bız,جيز بيز,सिज़-बिज़,Ciz-biz,Ciz-biz,,,,,,,,,,
76,Fried Lamb with Pomegranate,,,NATIONAL CUISINE,20.50,,TRUE,https://encrypted-tbn0.gstatic.com/images?q=tbn:ANd9GcTcWKAPNpBPrNwnMLN98hVyg5Vs1x3GOpALlg&s,,15,NATIONAL CUISINE,MİLLİ MƏTBƏXİN KLASSİKLƏRİ,БЛЮДА НАЦИОНАЛЬНОЙ КУХНИ,YEREL MUTFAK KLASİKLERİ,المأكولات الوطنية الكلاسيكية,राष्ट्रीय व्यंजन,CUISINE NATIONALE CLASSIQUE,CUCINA NAZIONALE CLASSICA,Fried Lamb with Pomegranate,Nar qovurma quzu əti ilə,Жареная баранина с гранатом,Narlı kuzu kavurma,لحم ضأن مقلي مع الرمان,अनार के साथ तला हुआ मेमना,Agneau frit à la grenade,Agnello fritto con melograno,,,,,,,,,,
77,Tenderloin Sac,,,NATIONAL CUISINE,26.00,,TRUE,https://encrypted-tbn0.gstatic.com/images?q=tbn:ANd9GcTcWKAPNpBPrNwnMLN98hVyg5Vs1x3GOpALlg&s,,15,NATIONAL CUISINE,MİLLİ MƏTBƏXİN KLASSİKLƏRİ,БЛЮДА НАЦИОНАЛЬНОЙ КУХНИ,YEREL MUTFAK KLASİKLERİ,المأكولات الوطنية الكلاسيكية,राष्ट्रीय व्यंजन,CUISINE NATIONALE CLASSIQUE,CUCINA NAZIONALE CLASSICA,Tenderloin Sac,Can əti sac,Вырезка в садже,Saç kavurma,لحم فيليه ساج,साज टेंडरलॉइन,Filet sac,Filetto sac,,,,,,,,,,
78,Chicken Sac,,,NATIONAL CUISINE,18.50,,TRUE,https://encrypted-tbn0.gstatic.com/images?q=tbn:ANd9GcTcWKAPNpBPrNwnMLN98hVyg5Vs1x3GOpALlg&s,,15,NATIONAL CUISINE,MİLLİ MƏTBƏXİN KLASSİKLƏRİ,БЛЮДА НАЦИОНАЛЬНОЙ КУХНИ,YEREL MUTFAK KLASİKLERİ,المأكولات الوطنية الكلاسيكية,राष्ट्रीय व्यंजन,CUISINE NATIONALE CLASSIQUE,CUCINA NAZIONALE CLASSICA,Chicken Sac,Toyuq sac,Курица в садже,Tavuk saç,دجاج ساج,चिकन साज,Poulet sac,Pollo sac,,,,,,,,,,
79,Lamb Sac,,,NATIONAL CUISINE,23.00,,TRUE,https://encrypted-tbn0.gstatic.com/images?q=tbn:ANd9GcTcWKAPNpBPrNwnMLN98hVyg5Vs1x3GOpALlg&s,,15,NATIONAL CUISINE,MİLLİ MƏTBƏXİN KLASSİKLƏRİ,БЛЮДА НАЦИОНАЛЬНОЙ КУХНИ,YEREL MUTFAK KLASİKLERİ,المأكولات الوطنية الكلاسيكية,राष्ट्रीय व्यंजन,CUISINE NATIONALE CLASSIQUE,CUCINA NAZIONALE CLASSICA,Lamb Sac,Quzu sac,Баранина в садже,Kuzu saç,لحم ضأن ساج,मेमना साज,Agneau sac,Agnello sac,,,,,,,,,,
80,Special Salmon Steak,,,SEAFOOD,27.00,,TRUE,https://encrypted-tbn0.gstatic.com/images?q=tbn:ANd9GcTcWKAPNpBPrNwnMLN98hVyg5Vs1x3GOpALlg&s,,15,SEAFOOD,DƏNİZ MƏHSULLARI,МОРЕПРОДУКТЫ,DENİZ ÜRÜNLERİ,المأكولات البحرية,समुद्री भोजन,FRUITS DE MER,FRUTTI DI MARE,Special Salmon Steak,Xüsusi salmon steyk,Особый стейк из лосося,Özel somon steak,ستيك سلمون خاص,स्पेशल सैल्मन स्टेक,Steak de saumon spécial,Bistecca di salmone speciale,,,,,,,,,,
81,Grilled Salmon,,,SEAFOOD,26.40,,TRUE,https://encrypted-tbn0.gstatic.com/images?q=tbn:ANd9GcTcWKAPNpBPrNwnMLN98hVyg5Vs1x3GOpALlg&s,,15,SEAFOOD,DƏNİZ MƏHSULLARI,МОРЕПРОДУКТЫ,DENİZ ÜRÜNLERİ,المأكولات البحرية,समुद्री भोजन,FRUITS DE MER,FRUTTI DI MARE,Grilled Salmon,Qızılbalıq qrildə,Лосось на гриле,Izgara somon,سلمون مشوي,ग्रिल्ड सैल्मन,Saumon grillé,Salmone alla griglia,,,,,,,,,,
82,Trout in a Pan,,,SEAFOOD,23.00,,TRUE,https://encrypted-tbn0.gstatic.com/images?q=tbn:ANd9GcTcWKAPNpBPrNwnMLN98hVyg5Vs1x3GOpALlg&s,,15,SEAFOOD,DƏNİZ MƏHSULLARI,МОРЕПРОДУКТЫ,DENİZ ÜRÜNLERİ,المأكولات البحرية,समुद्री भोजन,FRUITS DE MER,FRUTTI DI MARE,Trout in a Pan,Tavada farel,Форель на сковороде,Tavada alabalık,سمك السلمون المرقط في المقلاة,पैन में ट्राउट,Truite à la poêle,Trota in padella,,,,,,,,,,
83,Sea Bream on the Grill,,,SEAFOOD,26.40,,TRUE,https://encrypted-tbn0.gstatic.com/images?q=tbn:ANd9GcTcWKAPNpBPrNwnMLN98hVyg5Vs1x3GOpALlg&s,,15,SEAFOOD,DƏNİZ MƏHSULLARI,МОРЕПРОДУКТЫ,DENİZ ÜRÜNLERİ,المأكولات البحرية,समुद्री भोजन,FRUITS DE MER,FRUTTI DI MARE,Sea Bream on the Grill,Çupra qrildə,Дорада на гриле,Izgara çipura,سمك الدنيس المشوي,ग्रिल पर सी ब्रीम,Dorade grillée,Orata alla griglia,,,,,,,,,,
84,Salmon Fajitas,,,SEAFOOD,25.50,,TRUE,https://encrypted-tbn0.gstatic.com/images?q=tbn:ANd9GcTcWKAPNpBPrNwnMLN98hVyg5Vs1x3GOpALlg&s,,15,SEAFOOD,DƏNİZ MƏHSULLARI,МОРЕПРОДУКТЫ,DENİZ ÜRÜNLERİ,المأكولات البحرية,समुद्री भोजन,FRUITS DE MER,FRUTTI DI MARE,Salmon Fajitas,Qızıl balıq faxitas,Фахитас с лососем,Somon fajitas,فاهيتا السلمون,सैल्मन फाहिता,Fajitas au saumon,Fajitas di salmone,,,,,,,,,,
85,Sea Bass with Special Sauce,,,SEAFOOD,27.00,,TRUE,https://encrypted-tbn0.gstatic.com/images?q=tbn:ANd9GcTcWKAPNpBPrNwnMLN98hVyg5Vs1x3GOpALlg&s,,15,SEAFOOD,DƏNİZ MƏHSULLARI,МОРЕПРОДУКТЫ,DENİZ ÜRÜNLERİ,المأكولات البحرية,समुद्री भोजन,FRUITS DE MER,FRUTTI DI MARE,Sea Bass with Special Sauce,Xüsusi souslu sibas,Сибас с особым соусом,Özel soslu levrek,سمك القاروص مع صلصة خاصة,स्पेशल सॉस के साथ सी बास,Bar à la sauce spéciale,Branzino con salsa speciale,,,,,,,,,,
86,Sultan Kebab (4 persons),,,KEBABS,92.00,,TRUE,https://encrypted-tbn0.gstatic.com/images?q=tbn:ANd9GcTcWKAPNpBPrNwnMLN98hVyg5Vs1x3GOpALlg&s,,15,KEBABS,KABABLAR,ШАШЛЫКИ,KEBAPLAR,الكباب,कबाब,KEBABS,KEBAB,Sultan Kebab (4 persons),Sultan kababı (4 nəfər),Шашлык Султан (на 4 персоны),Sultan kebabı (4 kişilik),كباب سلطان (4 أشخاص),सुल्तान कबाब (4 व्यक्तियों के लिए),Kebab Sultan (pour 4 personnes),Kebab Sultan (per 4 persone),,,,,,,,,,
87,Mixed Kebab,,,KEBABS,20.90,,TRUE,https://encrypted-tbn0.gstatic.com/images?q=tbn:ANd9GcTcWKAPNpBPrNwnMLN98hVyg5Vs1x3GOpALlg&s,,15,KEBABS,KABABLAR,ШАШЛЫКИ,KEBAPLAR,الكباب,कबाब,KEBABS,KEBAB,Mixed Kebab,Qarışıq kabab,Ассорти шашлыков,Karışık kebap,كباب مشكل,मिक्स्ड कबाब,Kebab mixte,Kebab misto,,,,,,,,,,
88,Grilled Chicken,,,KEBABS,22.00,,TRUE,https://encrypted-tbn0.gstatic.com/images?q=tbn:ANd9GcTcWKAPNpBPrNwnMLN98hVyg5Vs1x3GOpALlg&s,,15,KEBABS,KABABLAR,ШАШЛЫКИ,KEBAPLAR,الكباب,कबाब,KEBABS,KEBAB,Grilled Chicken,Közdə colpa,Курица на углях,Köz tavuk,دجاج مشوي,ग्रिल्ड चिकन,Poulet grillé,Pollo alla brace,,,,,,,,,,
89,Adana Kebab,,,KEBABS,17.50,,TRUE,https://encrypted-tbn0.gstatic.com/images?q=tbn:ANd9GcTcWKAPNpBPrNwnMLN98hVyg5Vs1x3GOpALlg&s,,15,KEBABS,KABABLAR,ШАШЛЫКИ,KEBAPLAR,الكباب,कबाब,KEBABS,KEBAB,Adana Kebab,Adana kabab,Шашлык Адана,Adana kebap,كباب أضنة,अदाना कबाब,Kebab Adana,Kebab Adana,,,,,,,,,,
90,Lamb Chops,,,KEBABS,19.20,,TRUE,https://encrypted-tbn0.gstatic.com/images?q=tbn:ANd9GcTcWKAPNpBPrNwnMLN98hVyg5Vs1x3GOpALlg&s,,15,KEBABS,KABABLAR,ШАШЛЫКИ,KEBAPLAR,الكباب,कबाब,KEBABS,KEBAB,Lamb Chops,Quzu qabırğaları,Бараньи ребрышки,Kuzu pirzola,ريش الضأن,मेमने की पसलियां,Côtelettes d'agneau,Costolette di agnello,,,,,,,,,,
91,Lula Kebab,,,KEBABS,17.50,,TRUE,https://encrypted-tbn0.gstatic.com/images?q=tbn:ANd9GcTcWKAPNpBPrNwnMLN98hVyg5Vs1x3GOpALlg&s,,15,KEBABS,KABABLAR,ШАШЛЫКИ,KEBAPLAR,الكباب,कबाब,KEBABS,KEBAB,Lula Kebab,Lülə kabab,Люля-кебаб,Lüle kebap,كباب لولا,लूला कबाब,Lula kebab,Lula kebab,,,,,,,,,,
92,Chicken Kebab,,,KEBABS,16.00,,TRUE,https://encrypted-tbn0.gstatic.com/images?q=tbn:ANd9GcTcWKAPNpBPrNwnMLN98hVyg5Vs1x3GOpALlg&s,,15,KEBABS,KABABLAR,ШАШЛЫКИ,KEBAPLAR,الكباب,कबाब,KEBABS,KEBAB,Chicken Kebab,Toyuq kababı,Куриный шашлык,Tavuk şiş,كباب الدجاج,चिकन कबाब,Kebab de poulet,Kebab di pollo,,,,,,,,,,
93,Lamb Pieces BBQ,,,KEBABS,18.50,,TRUE,https://encrypted-tbn0.gstatic.com/images?q=tbn:ANd9GcTcWKAPNpBPrNwnMLN98hVyg5Vs1x3GOpALlg&s,,15,KEBABS,KABABLAR,ШАШЛЫКИ,KEBAPLAR,الكباب,कबाब,KEBABS,KEBAB,Lamb Pieces BBQ,Tikə kababı,Шашлык из кусочков баранины,Kuzu şiş,قطع لحم الضأن المشوي,मेमने के टुकड़े बारबेक्यू,Brochettes d'agneau,Kebab di agnello a pezzi,,,,,,,,,,
94,Marinated Beef,,,KEBABS,19.80,,TRUE,https://encrypted-tbn0.gstatic.com/images?q=tbn:ANd9GcTcWKAPNpBPrNwnMLN98hVyg5Vs1x3GOpALlg&s,,15,KEBABS,KABABLAR,ШАШЛЫКИ,KEBAPLAR,الكباب,कबाब,KEBABS,KEBAB,Marinated Beef,Dana basdırma,Маринованная говядина,Marine dana,لحم بقري متبل,मैरिनेटेड बीफ,Bœuf mariné,Manzo marinato,,,,,,,,,,
95,Liver Kebab,,,KEBABS,18.00,,TRUE,https://encrypted-tbn0.gstatic.com/images?q=tbn:ANd9GcTcWKAPNpBPrNwnMLN98hVyg5Vs1x3GOpALlg&s,,15,KEBABS,KABABLAR,ШАШЛЫКИ,KEBAPLAR,الكباب,कबाब,KEBABS,KEBAB,Liver Kebab,Ciyər kababı,Шашлык из печени,Ciğer şiş,كباب الكبدة,लिवर कबाब,Kebab de foie,Kebab di fegato,,,,,,,,,,
96,Eggplant Kebab,,,KEBABS,18.00,,TRUE,https://encrypted-tbn0.gstatic.com/images?q=tbn:ANd9GcTcWKAPNpBPrNwnMLN98hVyg5Vs1x3GOpALlg&s,,15,KEBABS,KABABLAR,ШАШЛЫКИ,KEBAPLAR,الكباب,कबाब,KEBABS,KEBAB,Eggplant Kebab,Badımcan kababı,Шашлык из баклажанов,Patlıcan kebabı,كباب الباذنجان,बैंगन कबाब,Kebab d'aubergines,Kebab di melanzane,,,,,,,,,,
97,Burrata,,,PIZZA,19.00,Regular,TRUE,https://encrypted-tbn0.gstatic.com/images?q=tbn:ANd9GcTcWKAPNpBPrNwnMLN98hVyg5Vs1x3GOpALlg&s,,15,PIZZA,PİZZALAR,ПИЦЦА,PİZZALAR,البيتزا,पिज्जा,PIZZAS,PIZZA,Burrata,Buratta,Буррата,Buratta,بوراتا,बुराटा,Burrata,Burrata,,,,,,,,,,
98,Burrata,,,PIZZA,34.00,Large,TRUE,https://encrypted-tbn0.gstatic.com/images?q=tbn:ANd9GcTcWKAPNpBPrNwnMLN98hVyg5Vs1x3GOpALlg&s,,15,PIZZA,PİZZALAR,ПИЦЦА,PİZZALAR,البيتزا,पिज्जा,PIZZAS,PIZZA,Burrata,Buratta,Буррата,Buratta,بوراتا,बुराटा,Burrata,Burrata,,,,,,,,,,
99,Mixed Vegetables,,,PIZZA,15.80,Regular,TRUE,https://encrypted-tbn0.gstatic.com/images?q=tbn:ANd9GcTcWKAPNpBPrNwnMLN98hVyg5Vs1x3GOpALlg&s,,15,PIZZA,PİZZALAR,ПИЦЦА,PİZZALAR,البيتزا,पिज्जा,PIZZAS,PIZZA,Mixed Vegetables,Mix tərəvəzlər,Овощное ассорти,Karışık sebzeli,خضار مشكلة,मिक्स्ड सब्जियां,Légumes mixtes,Verdure miste,,,,,,,,,,
100,Mixed Vegetables,,,PIZZA,27.40,Large,TRUE,https://encrypted-tbn0.gstatic.com/images?q=tbn:ANd9GcTcWKAPNpBPrNwnMLN98hVyg5Vs1x3GOpALlg&s,,15,PIZZA,PİZZALAR,ПИЦЦА,PİZZALAR,البيتزا,पिज्जा,PIZZAS,PIZZA,Mixed Vegetables,Mix tərəvəzlər,Овощное ассорти,Karışık sebzeli,خضار مشكلة,मिक्स्ड सब्जियां,Légumes mixtes,Verdure miste,,,,,,,,,,
101,Greek Pizza,,,PIZZA,15.80,Regular,TRUE,https://encrypted-tbn0.gstatic.com/images?q=tbn:ANd9GcTcWKAPNpBPrNwnMLN98hVyg5Vs1x3GOpALlg&s,,15,PIZZA,PİZZALAR,ПИЦЦА,PİZZALAR,البيتزا,पिज्जा,PIZZAS,PIZZA,Greek Pizza,Yunan pizzası,Греческая пицца,Yunan pizza,بيتزا يونانية,ग्रीक पिज्जा,Pizza grecque,Pizza greca,,,,,,,,,,
102,Greek Pizza,,,PIZZA,27.40,Large,TRUE,https://encrypted-tbn0.gstatic.com/images?q=tbn:ANd9GcTcWKAPNpBPrNwnMLN98hVyg5Vs1x3GOpALlg&s,,15,PIZZA,PİZZALAR,ПИЦЦА,PİZZALAR,البيتزا,पिज्जा,PIZZAS,PIZZA,Greek Pizza,Yunan pizzası,Греческая пицца,Yunan pizza,بيتزا يونانية,ग्रीक पिज्जा,Pizza grecque,Pizza greca,,,,,,,,,,
103,Vegan Pizza,,,PIZZA,15.80,Regular,TRUE,https://encrypted-tbn0.gstatic.com/images?q=tbn:ANd9GcTcWKAPNpBPrNwnMLN98hVyg5Vs1x3GOpALlg&s,,15,PIZZA,PİZZALAR,ПИЦЦА,PİZZALAR,البيتزا,पिज्जा,PIZZAS,PIZZA,Vegan Pizza,Vegan pizza,Вегетарианская пицца,Vegan pizza,بيتزا نباتية,वेगन पिज्जा,Pizza végane,Pizza vegana,,,,,,,,,,
104,Vegan Pizza,,,PIZZA,27.40,Large,TRUE,https://encrypted-tbn0.gstatic.com/images?q=tbn:ANd9GcTcWKAPNpBPrNwnMLN98hVyg5Vs1x3GOpALlg&s,,15,PIZZA,PİZZALAR,ПИЦЦА,PİZZALAR,البيتزا,पिज्जा,PIZZAS,PIZZA,Vegan Pizza,Vegan pizza,Вегетарианская пицца,Vegan pizza,بيتزا نباتية,वेगन पिज्जा,Pizza végane,Pizza vegana,,,,,,,,,,
105,BBQ,,,PIZZA,18.00,Regular,TRUE,https://encrypted-tbn0.gstatic.com/images?q=tbn:ANd9GcTcWKAPNpBPrNwnMLN98hVyg5Vs1x3GOpALlg&s,,15,PIZZA,PİZZALAR,ПИЦЦА,PİZZALAR,البيتزا,पिज्जा,PIZZAS,PIZZA,BBQ,BBQ,Барбекю,BBQ,باربكيو,बारबेक्यू,BBQ,BBQ,,,,,,,,,,
106,BBQ,,,PIZZA,32.90,Large,TRUE,https://encrypted-tbn0.gstatic.com/images?q=tbn:ANd9GcTcWKAPNpBPrNwnMLN98hVyg5Vs1x3GOpALlg&s,,15,PIZZA,PİZZALAR,ПИЦЦА,PİZZALAR,البيتزا,पिज्जा,PIZZAS,PIZZA,BBQ,BBQ,Барбекю,BBQ,باربكيو,बारबेक्यू,BBQ,BBQ,,,,,,,,,,
107,Mix,,,PIZZA,17.00,Regular,TRUE,https://encrypted-tbn0.gstatic.com/images?q=tbn:ANd9GcTcWKAPNpBPrNwnMLN98hVyg5Vs1x3GOpALlg&s,,15,PIZZA,PİZZALAR,ПИЦЦА,PİZZALAR,البيتزا,पिज्जा,PIZZAS,PIZZA,Mix,Mix,Микс,Karışık,مشكل,मिक्स,Mixte,Mix,,,,,,,,,,
108,Mix,,,PIZZA,29.60,Large,TRUE,https://encrypted-tbn0.gstatic.com/images?q=tbn:ANd9GcTcWKAPNpBPrNwnMLN98hVyg5Vs1x3GOpALlg&s,,15,PIZZA,PİZZALAR,ПИЦЦА,PİZZALAR,البيتزا,पिज्जा,PIZZAS,PIZZA,Mix,Mix,Микс,Karışık,مشكل,मिक्स,Mixte,Mix,,,,,,,,,,
109,Chicken,,,PIZZA,16.00,Regular,TRUE,https://encrypted-tbn0.gstatic.com/images?q=tbn:ANd9GcTcWKAPNpBPrNwnMLN98hVyg5Vs1x3GOpALlg&s,,15,PIZZA,PİZZALAR,ПИЦЦА,PİZZALAR,البيتزا,पिज्जा,PIZZAS,PIZZA,Chicken,Toyuq,Куриная,Tavuklu,دجاج,चिकन,Poulet,Pollo,,,,,,,,,,
110,Chicken,,,PIZZA,29.60,Large,TRUE,https://encrypted-tbn0.gstatic.com/images?q=tbn:ANd9GcTcWKAPNpBPrNwnMLN98hVyg5Vs1x3GOpALlg&s,,15,PIZZA,PİZZALAR,ПИЦЦА,PİZZALAR,البيتزا,पिज्जा,PIZZAS,PIZZA,Chicken,Toyuq,Куриная,Tavuklu,دجاج,चिकन,Poulet,Pollo,,,,,,,,,,
111,Buffalo,,,PIZZA,21.00,Regular,TRUE,https://encrypted-tbn0.gstatic.com/images?q=tbn:ANd9GcTcWKAPNpBPrNwnMLN98hVyg5Vs1x3GOpALlg&s,,15,PIZZA,PİZZALAR,ПИЦЦА,PİZZALAR,البيتزا,पिज्जा,PIZZAS,PIZZA,Buffalo,Bufalo,Буффало,Buffalo,بوفالو,बफैलो,Buffalo,Buffalo,,,,,,,,,,
112,Buffalo,,,PIZZA,36.00,Large,TRUE,https://encrypted-tbn0.gstatic.com/images?q=tbn:ANd9GcTcWKAPNpBPrNwnMLN98hVyg5Vs1x3GOpALlg&s,,15,PIZZA,PİZZALAR,ПИЦЦА,PİZZALAR,البيتزا,पिज्जा,PIZZAS,PIZZA,Buffalo,Bufalo,Буффало,Buffalo,بوفالو,बफैलो,Buffalo,Buffalo,,,,,,,,,,
113,Appetito,,,PIZZA,16.90,Regular,TRUE,https://encrypted-tbn0.gstatic.com/images?q=tbn:ANd9GcTcWKAPNpBPrNwnMLN98hVyg5Vs1x3GOpALlg&s,,15,PIZZA,PİZZALAR,ПИЦЦА,PİZZALAR,البيتزا,पिज्जा,PIZZAS,PIZZA,Appetito,Appetito,Аппетито,Appetito,أبيتيتو,एपेटिटो,Appetito,Appetito,,,,,,,,,,
114,Appetito,,,PIZZA,29.00,Large,TRUE,https://encrypted-tbn0.gstatic.com/images?q=tbn:ANd9GcTcWKAPNpBPrNwnMLN98hVyg5Vs1x3GOpALlg&s,,15,PIZZA,PİZZALAR,ПИЦЦА,PİZZALAR,البيتزا,पिज्जा,PIZZAS,PIZZA,Appetito,Appetito,Аппетито,Appetito,أبيتيتو,एपेटिटो,Appetito,Appetito,,,,,,,,,,
115,Gamberetti,,,PIZZA,18.60,Regular,TRUE,https://encrypted-tbn0.gstatic.com/images?q=tbn:ANd9GcTcWKAPNpBPrNwnMLN98hVyg5Vs1x3GOpALlg&s,,15,PIZZA,PİZZALAR,ПИЦЦА,PİZZALAR,البيتزا,पिज्जा,PIZZAS,PIZZA,Gamberetti,Qamberetti,Гамберетти,Gamberetti,غامبيريتي,गैम्बेरेट्टी,Gamberetti,Gamberetti,,,,,,,,,,
116,Gamberetti,,,PIZZA,35.00,Large,TRUE,https://encrypted-tbn0.gstatic.com/images?q=tbn:ANd9GcTcWKAPNpBPrNwnMLN98hVyg5Vs1x3GOpALlg&s,,15,PIZZA,PİZZALAR,ПИЦЦА,PİZZALAR,البيتزا,पिज्जा,PIZZAS,PIZZA,Gamberetti,Qamberetti,Гамберетти,Gamberetti,غامبيريتي,गैम्बेरेट्टी,Gamberetti,Gamberetti,,,,,,,,,,
117,Chicken BBQ,,,PIZZA,16.90,Regular,TRUE,https://encrypted-tbn0.gstatic.com/images?q=tbn:ANd9GcTcWKAPNpBPrNwnMLN98hVyg5Vs1x3GOpALlg&s,,15,PIZZA,PİZZALAR,ПИЦЦА,PİZZALAR,البيتزا,पिज्जा,PIZZAS,PIZZA,Chicken BBQ,Toyuq BBQ,Курица барбекю,Tavuk BBQ,دجاج باربكيو,चिकन बारबेक्यू,Poulet BBQ,Pollo BBQ,,,,,,,,,,
118,Chicken BBQ,,,PIZZA,29.60,Large,TRUE,https://encrypted-tbn0.gstatic.com/images?q=tbn:ANd9GcTcWKAPNpBPrNwnMLN98hVyg5Vs1x3GOpALlg&s,,15,PIZZA,PİZZALAR,ПИЦЦА,PİZZALAR,البيتزا,पिज्जा,PIZZAS,PIZZA,Chicken BBQ,Toyuq BBQ,Курица барбекю,Tavuk BBQ,دجاج باربكيو,चिकन बारबेक्यू,Poulet BBQ,Pollo BBQ,,,,,,,,,,
119,Vegi,,,PIZZA,15.00,Regular,TRUE,https://encrypted-tbn0.gstatic.com/images?q=tbn:ANd9GcTcWKAPNpBPrNwnMLN98hVyg5Vs1x3GOpALlg&s,,15,PIZZA,PİZZALAR,ПИЦЦА,PİZZALAR,البيتزا,पिज्जा,PIZZAS,PIZZA,Vegi,Vegi,Веджи,Veggie,خضار,वेजी,Végétarienne,Vegetariana,,,,,,,,,,
120,Vegi,,,PIZZA,26.20,Large,TRUE,https://encrypted-tbn0.gstatic.com/images?q=tbn:ANd9GcTcWKAPNpBPrNwnMLN98hVyg5Vs1x3GOpALlg&s,,15,PIZZA,PİZZALAR,ПИЦЦА,PİZZALAR,البيتزا,पिज्जा,PIZZAS,PIZZA,Vegi,Vegi,Веджи,Veggie,خضار,वेजी,Végétarienne,Vegetariana,,,,,,,,,,
121,Caprese,,,PIZZA,16.40,Regular,TRUE,https://encrypted-tbn0.gstatic.com/images?q=tbn:ANd9GcTcWKAPNpBPrNwnMLN98hVyg5Vs1x3GOpALlg&s,,15,PIZZA,PİZZALAR,ПИЦЦА,PİZZALAR,البيتزا,पिज्जा,PIZZAS,PIZZA,Caprese,Kaprese,Капрезе,Caprese,كابريزي,कैप्रीज,Caprese,Caprese,,,,,,,,,,
122,Caprese,,,PIZZA,30.00,Large,TRUE,https://encrypted-tbn0.gstatic.com/images?q=tbn:ANd9GcTcWKAPNpBPrNwnMLN98hVyg5Vs1x3GOpALlg&s,,15,PIZZA,PİZZALAR,ПИЦЦА,PİZZALAR,البيتزا,पिज्जा,PIZZAS,PIZZA,Caprese,Kaprese,Капрезе,Caprese,كابريزي,कैप्रीज,Caprese,Caprese,,,,,,,,,,
123,Tuna,,,PIZZA,17.90,Regular,TRUE,https://encrypted-tbn0.gstatic.com/images?q=tbn:ANd9GcTcWKAPNpBPrNwnMLN98hVyg5Vs1x3GOpALlg&s,,15,PIZZA,PİZZALAR,ПИЦЦА,PİZZALAR,البيتزا,पिज्जा,PIZZAS,PIZZA,Tuna,Tuna,Тунец,Ton balıklı,تونة,टूना,Thon,Tonno,,,,,,,,,,
124,Tuna,,,PIZZA,32.00,Large,TRUE,https://encrypted-tbn0.gstatic.com/images?q=tbn:ANd9GcTcWKAPNpBPrNwnMLN98hVyg5Vs1x3GOpALlg&s,,15,PIZZA,PİZZALAR,ПИЦЦА,PİZZALAR,البيتزا,पिज्जा,PIZZAS,PIZZA,Tuna,Tuna,Тунец,Ton balıklı,تونة,टूना,Thon,Tonno,,,,,,,,,,
125,Kavurma,,,PIZZA,18.50,Regular,TRUE,https://encrypted-tbn0.gstatic.com/images?q=tbn:ANd9GcTcWKAPNpBPrNwnMLN98hVyg5Vs1x3GOpALlg&s,,15,PIZZA,PİZZALAR,ПИЦЦА,PİZZALAR,البيتزا,पिज्जा,PIZZAS,PIZZA,Kavurma,Kavurma,Кавурма,Kavurma,كافورما,कावुरमा,Kavurma,Kavurma,,,,,,,,,,
126,Kavurma,,,PIZZA,32.80,Large,TRUE,https://encrypted-tbn0.gstatic.com/images?q=tbn:ANd9GcTcWKAPNpBPrNwnMLN98hVyg5Vs1x3GOpALlg&s,,15,PIZZA,PİZZALAR,ПИЦЦА,PİZZALAR,البيتزا,पिज्जा,PIZZAS,PIZZA,Kavurma,Kavurma,Кавурма,Kavurma,كافورما,कावुरमा,Kavurma,Kavurma,,,,,,,,,,
127,Texas,,,PIZZA,16.90,Regular,TRUE,https://encrypted-tbn0.gstatic.com/images?q=tbn:ANd9GcTcWKAPNpBPrNwnMLN98hVyg5Vs1x3GOpALlg&s,,15,PIZZA,PİZZALAR,ПИЦЦА,PİZZALAR,البيتزا,पिज्जा,PIZZAS,PIZZA,Texas,Texas,Техас,Texas,تكساس,टेक्सास,Texas,Texas,,,,,,,,,,
128,Texas,,,PIZZA,29.60,Large,TRUE,https://encrypted-tbn0.gstatic.com/images?q=tbn:ANd9GcTcWKAPNpBPrNwnMLN98hVyg5Vs1x3GOpALlg&s,,15,PIZZA,PİZZALAR,ПИЦЦА,PİZZALAR,البيتزا,पिज्जा,PIZZAS,PIZZA,Texas,Texas,Техас,Texas,تكساس,टेक्सास,Texas,Texas,,,,,,,,,,
129,Salami,,,PIZZA,18.00,Regular,TRUE,https://encrypted-tbn0.gstatic.com/images?q=tbn:ANd9GcTcWKAPNpBPrNwnMLN98hVyg5Vs1x3GOpALlg&s,,15,PIZZA,PİZZALAR,ПИЦЦА,PİZZALAR,البيتزا,पिज्जा,PIZZAS,PIZZA,Salami,Salami,Салями,Salamlı,سلامي,सलामी,Salami,Salame,,,,,,,,,,
130,Salami,,,PIZZA,34.00,Large,TRUE,https://encrypted-tbn0.gstatic.com/images?q=tbn:ANd9GcTcWKAPNpBPrNwnMLN98hVyg5Vs1x3GOpALlg&s,,15,PIZZA,PİZZALAR,ПИЦЦА,PİZZALAR,البيتزا,पिज्जा,PIZZAS,PIZZA,Salami,Salami,Салями,Salamlı,سلامي,सलामी,Salami,Salame,,,,,,,,,,
131,Caesar,,,PIZZA,17.50,Regular,TRUE,https://encrypted-tbn0.gstatic.com/images?q=tbn:ANd9GcTcWKAPNpBPrNwnMLN98hVyg5Vs1x3GOpALlg&s,,15,PIZZA,PİZZALAR,ПИЦЦА,PİZZALAR,البيتزا,पिज्जा,PIZZAS,PIZZA,Caesar,Sezar,Цезарь,Sezar,سيزر,सीज़र,César,Caesar,,,,,,,,,,
132,Caesar,,,PIZZA,31.70,Large,TRUE,https://encrypted-tbn0.gstatic.com/images?q=tbn:ANd9GcTcWKAPNpBPrNwnMLN98hVyg5Vs1x3GOpALlg&s,,15,PIZZA,PİZZALAR,ПИЦЦА,PİZZALAR,البيتزا,पिज्जा,PIZZAS,PIZZA,Caesar,Sezar,Цезарь,Sezar,سيزر,सीज़र,César,Caesar,,,,,,,,,,
133,Seafood,,,PIZZA,19.50,Regular,TRUE,https://encrypted-tbn0.gstatic.com/images?q=tbn:ANd9GcTcWKAPNpBPrNwnMLN98hVyg5Vs1x3GOpALlg&s,,15,PIZZA,PİZZALAR,ПИЦЦА,PİZZALAR,البيتزا,पिज्जा,PIZZAS,PIZZA,Seafood,Dəniz məhsulları,Морепродукты,Deniz ürünlü,مأكولات بحرية,सीफूड,Fruits de mer,Frutti di mare,,,,,,,,,,
134,Seafood,,,PIZZA,36.00,Large,TRUE,https://encrypted-tbn0.gstatic.com/images?q=tbn:ANd9GcTcWKAPNpBPrNwnMLN98hVyg5Vs1x3GOpALlg&s,,15,PIZZA,PİZZALAR,ПИЦЦА,PİZZALAR,البيتزا,पिज्जा,PIZZAS,PIZZA,Seafood,Dəniz məhsulları,Морепродукты,Deniz ürünlü,مأكولات بحرية,सीफूड,Fruits de mer,Frutti di mare,,,,,,,,,,
135,Alaturka,,,PIZZA,17.00,Regular,TRUE,https://encrypted-tbn0.gstatic.com/images?q=tbn:ANd9GcTcWKAPNpBPrNwnMLN98hVyg5Vs1x3GOpALlg&s,,15,PIZZA,PİZZALAR,ПИЦЦА,PİZZALAR,البيتزا,पिज्जा,PIZZAS,PIZZA,Alaturka,Alaturka,Алатурка,Alaturka,ألاتوركا,अलातुर्का,Alaturka,Alaturka,,,,,,,,,,
136,Alaturka,,,PIZZA,32.80,Large,TRUE,https://encrypted-tbn0.gstatic.com/images?q=tbn:ANd9GcTcWKAPNpBPrNwnMLN98hVyg5Vs1x3GOpALlg&s,,15,PIZZA,PİZZALAR,ПИЦЦА,PİZZALAR,البيتزا,पिज्जा,PIZZAS,PIZZA,Alaturka,Alaturka,Алатурка,Alaturka,ألاتوركا,अलातुर्का,Alaturka,Alaturka,,,,,,,,,,
137,Quattro Formaggi,,,PIZZA,15.80,Regular,TRUE,https://encrypted-tbn0.gstatic.com/images?q=tbn:ANd9GcTcWKAPNpBPrNwnMLN98hVyg5Vs1x3GOpALlg&s,,15,PIZZA,PİZZALAR,ПИЦЦА,PİZZALAR,البيتزا,पिज्जा,PIZZAS,PIZZA,Quattro Formaggi,Dörd pendir,Четыре сыра,Dört peynirli,أربعة أجبان,क्वाट्रो फोरमाजी,Quatre fromages,Quattro formaggi,,,,,,,,,,
138,Quattro Formaggi,,,PIZZA,27.40,Large,TRUE,https://encrypted-tbn0.gstatic.com/images?q=tbn:ANd9GcTcWKAPNpBPrNwnMLN98hVyg5Vs1x3GOpALlg&s,,15,PIZZA,PİZZALAR,ПИЦЦА,PİZZALAR,البيتزا,पिज्जा,PIZZAS,PIZZA,Quattro Formaggi,Dörd pendir,Четыре сыра,Dört peynirli,أربعة أجبان,क्वाट्रो फोरमाजी,Quatre fromages,Quattro formaggi,,,,,,,,,,
139,Pepperoni,,,PIZZA,18.00,Regular,TRUE,https://encrypted-tbn0.gstatic.com/images?q=tbn:ANd9GcTcWKAPNpBPrNwnMLN98hVyg5Vs1x3GOpALlg&s,,15,PIZZA,PİZZALAR,ПИЦЦА,PİZZALAR,البيتزا,पिज्जा,PIZZAS,PIZZA,Pepperoni,Pepperoni,Пепперони,Pepperoni,بيبروني,पेप्परोनी,Pepperoni,Pepperoni,,,,,,,,,,
140,Pepperoni,,,PIZZA,34.80,Large,TRUE,https://encrypted-tbn0.gstatic.com/images?q=tbn:ANd9GcTcWKAPNpBPrNwnMLN98hVyg5Vs1x3GOpALlg&s,,15,PIZZA,PİZZALAR,ПИЦЦА,PİZZALAR,البيتزا,पिज्जा,PIZZAS,PIZZA,Pepperoni,Pepperoni,Пепперони,Pepperoni,بيبروني,पेप्परोनी,Pepperoni,Pepperoni,,,,,,,,,,
141,Mexicano,,,PIZZA,18.00,Regular,TRUE,https://encrypted-tbn0.gstatic.com/images?q=tbn:ANd9GcTcWKAPNpBPrNwnMLN98hVyg5Vs1x3GOpALlg&s,,15,PIZZA,PİZZALAR,ПИЦЦА,PİZZALAR,البيتزا,पिज्जा,PIZZAS,PIZZA,Mexicano,Meksikano,Мексикано,Meksikalı,مكسيكانو,मेक्सिकानो,Mexicaine,Messicana,,,,,,,,,,
142,Mexicano,,,PIZZA,32.80,Large,TRUE,https://encrypted-tbn0.gstatic.com/images?q=tbn:ANd9GcTcWKAPNpBPrNwnMLN98hVyg5Vs1x3GOpALlg&s,,15,PIZZA,PİZZALAR,ПИЦЦА,PİZZALAR,البيتزا,पिज्जा,PIZZAS,PIZZA,Mexicano,Meksikano,Мексикано,Meksikalı,مكسيكانو,मेक्सिकानो,Mexicaine,Messicana,,,,,,,,,,
143,Margarita,,,PIZZA,15.50,Regular,TRUE,https://encrypted-tbn0.gstatic.com/images?q=tbn:ANd9GcTcWKAPNpBPrNwnMLN98hVyg5Vs1x3GOpALlg&s,,15,PIZZA,PİZZALAR,ПИЦЦА,PİZZALAR,البيتزا,पिज्जा,PIZZAS,PIZZA,Margarita,Marqarita,Маргарита,Margarita,مارغريتا,मार्गरिटा,Margherita,Margherita,,,,,,,,,,
144,Margarita,,,PIZZA,27.40,Large,TRUE,https://encrypted-tbn0.gstatic.com/images?q=tbn:ANd9GcTcWKAPNpBPrNwnMLN98hVyg5Vs1x3GOpALlg&s,,15,PIZZA,PİZZALAR,ПИЦЦА,PİZZALAR,البيتزا,पिज्जा,PIZZAS,PIZZA,Margarita,Marqarita,Маргарита,Margarita,مارغريتا,मार्गरिटा,Margherita,Margherita,,,,,,,,,,
145,Italiano,,,PIZZA,18.60,Regular,TRUE,https://encrypted-tbn0.gstatic.com/images?q=tbn:ANd9GcTcWKAPNpBPrNwnMLN98hVyg5Vs1x3GOpALlg&s,,15,PIZZA,PİZZALAR,ПИЦЦА,PİZZALAR,البيتزا,पिज्जा,PIZZAS,PIZZA,Italiano,İtaliano,Итальяно,İtalyano,إيطاليانو,इटालियानो,Italienne,Italiana,,,,,,,,,,
146,Italiano,,,PIZZA,32.80,Large,TRUE,https://encrypted-tbn0.gstatic.com/images?q=tbn:ANd9GcTcWKAPNpBPrNwnMLN98hVyg5Vs1x3GOpALlg&s,,15,PIZZA,PİZZALAR,ПИЦЦА,PİZZALAR,البيتزا,पिज्जा,PIZZAS,PIZZA,Italiano,İtaliano,Итальяно,İtalyano,إيطاليانو,इटालियानो,Italienne,Italiana,,,,,,,,,,
147,Ice Cream,,,DESSERTS,7.00,,TRUE,https://encrypted-tbn0.gstatic.com/images?q=tbn:ANd9GcTcWKAPNpBPrNwnMLN98hVyg5Vs1x3GOpALlg&s,,15,DESSERTS,DESERT,ДЕСЕРТЫ,TATLILAR,الحلويات,मिठाई,DESSERTS,DOLCI,Ice Cream,Dondurma,Мороженое,Dondurma,آيس كريم,आइसक्रीम,Glace,Gelato,,,,,,,,,,
148,Maraş Ice Cream,,,DESSERTS,7.50,,TRUE,https://encrypted-tbn0.gstatic.com/images?q=tbn:ANd9GcTcWKAPNpBPrNwnMLN98hVyg5Vs1x3GOpALlg&s,,15,DESSERTS,DESERT,ДЕСЕРТЫ,TATLILAR,الحلويات,मिठाई,DESSERTS,DOLCI,Maraş Ice Cream,Maraş dondurma,Мороженое Мараш,Maraş dondurma,آيس كريم ماراش,मराश आइसक्रीम,Glace Maraş,Gelato Maraş,,,,,,,,,,
149,Strawberry Cheesecake,,,DESSERTS,9.50,,TRUE,https://encrypted-tbn0.gstatic.com/images?q=tbn:ANd9GcTcWKAPNpBPrNwnMLN98hVyg5Vs1x3GOpALlg&s,,15,DESSERTS,DESERT,ДЕСЕРТЫ,TATLILAR,الحلويات,मिठाई,DESSERTS,DOLCI,Strawberry Cheesecake,Çiyələkli çizkeyk,Чизкейк с клубникой,Çilekli cheesecake,تشيز كيك بالفراولة,स्ट्रॉबेरी चीज़केक,Cheesecake à la fraise,Cheesecake alla fragola,,,,,,,,,,
150,Tiramisu,,,DESSERTS,9.50,,TRUE,https://encrypted-tbn0.gstatic.com/images?q=tbn:ANd9GcTcWKAPNpBPrNwnMLN98hVyg5Vs1x3GOpALlg&s,,15,DESSERTS,DESERT,ДЕСЕРТЫ,TATLILAR,الحلويات,मिठाई,DESSERTS,DOLCI,Tiramisu,Tiramisu,Тирамису,Tiramisu,تيراميسو,तिरामिसु,Tiramisu,Tiramisù,,,,,,,,,,
151,Honey Cake,,,DESSERTS,9.00,,TRUE,https://encrypted-tbn0.gstatic.com/images?q=tbn:ANd9GcTcWKAPNpBPrNwnMLN98hVyg5Vs1x3GOpALlg&s,,15,DESSERTS,DESERT,ДЕСЕРТЫ,TATLILAR,الحلويات,मिठाई,DESSERTS,DOLCI,Honey Cake,Ballı tort,Медовый торт,Ballı kek,كعكة العسل,हनी केक,Gâteau au miel,Torta al miele,,,,,,,,,,
152,San Sebastian,,,DESSERTS,10.50,,TRUE,https://encrypted-tbn0.gstatic.com/images?q=tbn:ANd9GcTcWKAPNpBPrNwnMLN98hVyg5Vs1x3GOpALlg&s,,15,DESSERTS,DESERT,ДЕСЕРТЫ,TATLILAR,الحلويات,मिठाई,DESSERTS,DOLCI,San Sebastian,San sebastiyan,Сан-Себастьян,San Sebastian,سان سيباستيان,सैन सेबस्टियन,San Sebastian,San Sebastian,,,,,,,,,,
153,Rice Pudding,,,DESSERTS,6.90,,TRUE,https://encrypted-tbn0.gstatic.com/images?q=tbn:ANd9GcTcWKAPNpBPrNwnMLN98hVyg5Vs1x3GOpALlg&s,,15,DESSERTS,DESERT,ДЕСЕРТЫ,TATLILAR,الحلويات,मिठाई,DESSERTS,DOLCI,Rice Pudding,Sütlac,Сютлач (рисовый пудинг),Sütlaç,أرز باللبن,राइस पुडिंग,Riz au lait,Budino di riso,,,,,,,,,,
154,Turkish Baklava,,,DESSERTS,9.50,,TRUE,https://encrypted-tbn0.gstatic.com/images?q=tbn:ANd9GcTcWKAPNpBPrNwnMLN98hVyg5Vs1x3GOpALlg&s,,15,DESSERTS,DESERT,ДЕСЕРТЫ,TATLILAR,الحلويات,मिठाई,DESSERTS,DOLCI,Turkish Baklava,Türk paxlavası,Турецкая пахлава,Türk baklavası,بقلاوة تركية,तुर्की बकलवा,Baklava turque,Baklava turca,,,,,,,,,,
155,Baklava with Milk,,,DESSERTS,9.50,,TRUE,https://encrypted-tbn0.gstatic.com/images?q=tbn:ANd9GcTcWKAPNpBPrNwnMLN98hVyg5Vs1x3GOpALlg&s,,15,DESSERTS,DESERT,ДЕСЕРТЫ,TATLILAR,الحلويات,मिठाई,DESSERTS,DOLCI,Baklava with Milk,Südlü paxlava,Пахлава с молоком,Sütlü baklava,بقلاوة بالحليب,दूध के साथ बकलवा,Baklava au lait,Baklava con latte,,,,,,,,,,
156,Havuc Dilim,,,DESSERTS,9.50,,TRUE,https://encrypted-tbn0.gstatic.com/images?q=tbn:ANd9GcTcWKAPNpBPrNwnMLN98hVyg5Vs1x3GOpALlg&s,,15,DESSERTS,DESERT,ДЕСЕРТЫ,TATLILAR,الحلويات,मिठाई,DESSERTS,DOLCI,Havuc Dilim,Havuc dilim,Хавуч дилим,Havuç dilimi,هافوج ديليم,हवुच दिलिम,Havuc dilim,Havuc dilim,,,,,,,,,,
157,Künefe,,,DESSERTS,9.00,,TRUE,https://encrypted-tbn0.gstatic.com/images?q=tbn:ANd9GcTcWKAPNpBPrNwnMLN98hVyg5Vs1x3GOpALlg&s,,15,DESSERTS,DESERT,ДЕСЕРТЫ,TATLILAR,الحلويات,मिठाई,DESSERTS,DOLCI,Künefe,Künefe,Кюнефе,Künefe,كنافة,कुनैफे,Künefe,Künefe,,,,,,,,,,
158,Traliche,,,DESSERTS,8.80,,TRUE,https://encrypted-tbn0.gstatic.com/images?q=tbn:ANd9GcTcWKAPNpBPrNwnMLN98hVyg5Vs1x3GOpALlg&s,,15,DESSERTS,DESERT,ДЕСЕРТЫ,TATLILAR,الحلويات,मिठाई,DESSERTS,DOLCI,Traliche,Traliçe,Траличе,Traliçe,تراليتشه,ट्रालिचे,Traliche,Traliche,,,,,,,,,,
159,Caramel Cake,,,DESSERTS,8.50,,TRUE,https://encrypted-tbn0.gstatic.com/images?q=tbn:ANd9GcTcWKAPNpBPrNwnMLN98hVyg5Vs1x3GOpALlg&s,,15,DESSERTS,DESERT,ДЕСЕРТЫ,TATLILAR,الحلويات,मिठाई,DESSERTS,DOLCI,Caramel Cake,Karamelli tort,Карамельный торт,Karamelli pasta,كعكة الكراميل,कैरमल केक,Gâteau au caramel,Torta al caramello,,,,,,,,,,
160,Chocolate Cheesecake,,,DESSERTS,9.90,,TRUE,https://encrypted-tbn0.gstatic.com/images?q=tbn:ANd9GcTcWKAPNpBPrNwnMLN98hVyg5Vs1x3GOpALlg&s,,15,DESSERTS,DESERT,ДЕСЕРТЫ,TATLILAR,الحلويات,मिठाई,DESSERTS,DOLCI,Chocolate Cheesecake,Şokaladlı çizkeyk,Шоколадный чизкейк,Çikolatalı cheesecake,تشيز كيك الشوكولاتة,चॉकलेट चीज़केक,Cheesecake au chocolat,Cheesecake al cioccolato,,,,,,,,,,
161,Mixed Fruit,,,DESSERTS,16.50,,TRUE,https://encrypted-tbn0.gstatic.com/images?q=tbn:ANd9GcTcWKAPNpBPrNwnMLN98hVyg5Vs1x3GOpALlg&s,,15,DESSERTS,DESERT,ДЕСЕРТЫ,TATLILAR,الحلويات,मिठाई,DESSERTS,DOLCI,Mixed Fruit,Qarışıq meyvə,Фруктовое ассорти,Karışık meyve,فواكه مشكلة,मिश्रित फल,Fruits mixtes,Frutta mista,,,,,,,,,,
162,"Cup of tea (black, green)",,,BEVERAGES,3.30,,TRUE,https://encrypted-tbn0.gstatic.com/images?q=tbn:ANd9GcTcWKAPNpBPrNwnMLN98hVyg5Vs1x3GOpALlg&s,,15,BEVERAGES,İÇKİLƏR,НАПИТКИ,İÇECEKLER,المشروبات,पेय पदार्थ,BOISSONS,BEVANDE,"Cup of tea (black, green)","Fincan çay (qara, yaşıl)","Чашка чая (черный, зеленый)","Fincan çay (siyah, yeşil)",كوب شاي (أسود، أخضر),"चाय का कप (काली, हरी)","Tasse de thé (noir, vert)","Tazza di tè (nero, verde)",,,,,,,,,,
163,Black tea in teapot,,,BEVERAGES,12.00,,TRUE,https://encrypted-tbn0.gstatic.com/images?q=tbn:ANd9GcTcWKAPNpBPrNwnMLN98hVyg5Vs1x3GOpALlg&s,,15,BEVERAGES,İÇKİLƏR,НАПИТКИ,İÇECEKLER,المشروبات,पेय पदार्थ,BOISSONS,BEVANDE,Black tea in teapot,Qara çay çaynik,Черный чай в чайнике,Demlikte siyah çay,شاي أسود في إبريق,टीपॉट में काली चाय,Thé noir en théière,Tè nero in teiera,,,,,,,,,,
164,Green tea in teapot,,,BEVERAGES,12.50,,TRUE,https://encrypted-tbn0.gstatic.com/images?q=tbn:ANd9GcTcWKAPNpBPrNwnMLN98hVyg5Vs1x3GOpALlg&s,,15,BEVERAGES,İÇKİLƏR,НАПИТКИ,İÇECEKLER,المشروبات,पेय पदार्थ,BOISSONS,BEVANDE,Green tea in teapot,Yaşıl çay çaynik,Зеленый чай в чайнике,Demlikte yeşil çay,شاي أخضر في إبريق,टीपॉट में हरी चाय,Thé vert en théière,Tè verde in teiera,,,,,,,,,,
165,Green tea with jasmine,,,BEVERAGES,13.00,,TRUE,https://encrypted-tbn0.gstatic.com/images?q=tbn:ANd9GcTcWKAPNpBPrNwnMLN98hVyg5Vs1x3GOpALlg&s,,15,BEVERAGES,İÇKİLƏR,НАПИТКИ,İÇECEKLER,المشروبات,पेय पदार्थ,BOISSONS,BEVANDE,Green tea with jasmine,Yaşıl çay jasmin ilə,Зеленый чай с жасмином,Yasemin çiçekli yeşil çay,شاي أخضر بالياسمين,चमेली के साथ हरी चाय,Thé vert au jasmin,Tè verde al gelsomino,,,,,,,,,,
166,Green tea with chamomile,,,BEVERAGES,13.00,,TRUE,https://encrypted-tbn0.gstatic.com/images?q=tbn:ANd9GcTcWKAPNpBPrNwnMLN98hVyg5Vs1x3GOpALlg&s,,15,BEVERAGES,İÇKİLƏR,НАПИТКИ,İÇECEKLER,المشروبات,पेय पदार्थ,BOISSONS,BEVANDE,Green tea with chamomile,Yaşıl çay çobanyastığı ilə,Зеленый чай с ромашкой,Papatyalı yeşil çay,شاي أخضر بالبابونج,बाबूने के साथ हरी चाय,Thé vert à la camomille,Tè verde alla camomilla,,,,,,,,,,
167,Moroccan tea in teapot,,,BEVERAGES,13.50,,TRUE,https://encrypted-tbn0.gstatic.com/images?q=tbn:ANd9GcTcWKAPNpBPrNwnMLN98hVyg5Vs1x3GOpALlg&s,,15,BEVERAGES,İÇKİLƏR,НАПИТКИ,İÇECEKLER,المشروبات,पेय पदार्थ,BOISSONS,BEVANDE,Moroccan tea in teapot,Mərakeş çay çaynik,Марокканский чай в чайнике,Fas çayı,شاي مغربي في إبريق,टीपॉट में मोरक्कन चाय,Thé marocain en théière,Tè marocchino in teiera,,,,,,,,,,
168,Pomegranate Tea,,,BEVERAGES,13.90,,TRUE,https://encrypted-tbn0.gstatic.com/images?q=tbn:ANd9GcTcWKAPNpBPrNwnMLN98hVyg5Vs1x3GOpALlg&s,,15,BEVERAGES,İÇKİLƏR,НАПИТКИ,İÇECEKLER,المشروبات,पेय पदार्थ,BOISSONS,BEVANDE,Pomegranate Tea,Narlı çay,Гранатовый чай,Narlı çay,شاي الرمان,अनार की चाय,Thé à la grenade,Tè al melograno,,,,,,,,,,
169,Citrus Tea,,,BEVERAGES,13.90,,TRUE,https://encrypted-tbn0.gstatic.com/images?q=tbn:ANd9GcTcWKAPNpBPrNwnMLN98hVyg5Vs1x3GOpALlg&s,,15,BEVERAGES,İÇKİLƏR,НАПИТКИ,İÇECEKLER,المشروبات,पेय पदार्थ,BOISSONS,BEVANDE,Citrus Tea,Sitrus çay,Цитрусовый чай,Narenciye çayı,شاي الحمضيات,साइट्रस चाय,Thé aux agrumes,Tè agli agrumi,,,,,,,,,,
170,Green Tea Flower,,,BEVERAGES,13.90,,TRUE,https://encrypted-tbn0.gstatic.com/images?q=tbn:ANd9GcTcWKAPNpBPrNwnMLN98hVyg5Vs1x3GOpALlg&s,,15,BEVERAGES,İÇKİLƏR,НАПИТКИ,İÇECEKLER,المشروبات,पेय पदार्थ,BOISSONS,BEVANDE,Green Tea Flower,Yaşıl çay çiçəkli,Зеленый чай с цветами,Yeşil çay çiçekli,شاي أخضر بالزهور,फूल वाली हरी चाय,Thé vert aux fleurs,Tè verde con fiori,,,,,,,,,,
171,Berry Tea,,,BEVERAGES,13.90,,TRUE,https://encrypted-tbn0.gstatic.com/images?q=tbn:ANd9GcTcWKAPNpBPrNwnMLN98hVyg5Vs1x3GOpALlg&s,,15,BEVERAGES,İÇKİLƏR,НАПИТКИ,İÇECEKLER,المشروبات,पेय पदार्थ,BOISSONS,BEVANDE,Berry Tea,Giləmeyvəli çay,Ягодный чай,Orman meyveli çay,شاي التوت,बेरी चाय,Thé aux baies,Tè ai frutti di bosco,,,,,,,,,,
172,Mixed Tea,,,BEVERAGES,13.90,,TRUE,https://encrypted-tbn0.gstatic.com/images?q=tbn:ANd9GcTcWKAPNpBPrNwnMLN98hVyg5Vs1x3GOpALlg&s,,15,BEVERAGES,İÇKİLƏR,НАПИТКИ,İÇECEKLER,المشروبات,पेय पदार्थ,BOISSONS,BEVANDE,Mixed Tea,Qarışıqlı çay,Микс-чай,Karışık çay,شاي مشكل,मिश्रित चाय,Thé mixte,Tè misto,,,,,,,,,,
173,Americano,,,BEVERAGES,6.60,,TRUE,https://encrypted-tbn0.gstatic.com/images?q=tbn:ANd9GcTcWKAPNpBPrNwnMLN98hVyg5Vs1x3GOpALlg&s,,15,BEVERAGES,İÇKİLƏR,НАПИТКИ,İÇECEKLER,المشروبات,पेय पदार्थ,BOISSONS,BEVANDE,Americano,Americano,Американо,Americano,أمريكانو,अमेरिकानो,Americano,Americano,,,,,,,,,,
174,Espresso,,,BEVERAGES,5.50,,TRUE,https://encrypted-tbn0.gstatic.com/images?q=tbn:ANd9GcTcWKAPNpBPrNwnMLN98hVyg5Vs1x3GOpALlg&s,,15,BEVERAGES,İÇKİLƏR,НАПИТКИ,İÇECEKLER,المشروبات,पेय पदार्थ,BOISSONS,BEVANDE,Espresso,Espresso,Эспрессо,Espresso,إسبريسو,एस्प्रेसो,Espresso,Espresso,,,,,,,,,,
175,Doppio,,,BEVERAGES,6.60,,TRUE,https://encrypted-tbn0.gstatic.com/images?q=tbn:ANd9GcTcWKAPNpBPrNwnMLN98hVyg5Vs1x3GOpALlg&s,,15,BEVERAGES,İÇKİLƏR,НАПИТКИ,İÇECEKLER,المشروبات,पेय पदार्थ,BOISSONS,BEVANDE,Doppio,Doppio,Доппио,Doppio,دوبيو,डोपियो,Doppio,Doppio,,,,,,,,,,
176,Espresso con panna,,,BEVERAGES,5.50,,TRUE,https://encrypted-tbn0.gstatic.com/images?q=tbn:ANd9GcTcWKAPNpBPrNwnMLN98hVyg5Vs1x3GOpALlg&s,,15,BEVERAGES,İÇKİLƏR,НАПИТКИ,İÇECEKLER,المشروبات,पेय पदार्थ,BOISSONS,BEVANDE,Espresso con panna,Espresso con panna,Эспрессо кон панна,Espresso con panna,إسبريسو كون بانا,एस्प्रेसो कॉन पन्ना,Espresso con panna,Espresso con panna,,,,,,,,,,
177,Irish coffee,,,BEVERAGES,15.40,,TRUE,https://encrypted-tbn0.gstatic.com/images?q=tbn:ANd9GcTcWKAPNpBPrNwnMLN98hVyg5Vs1x3GOpALlg&s,,15,BEVERAGES,İÇKİLƏR,НАПИТКИ,İÇECEKLER,المشروبات,पेय पदार्थ,BOISSONS,BEVANDE,Irish coffee,İrish coffee,Ирландский кофе,İrlanda kahvesi,قهوة إيرلندية,आयरिश कॉफी,Café irlandais,Irish coffee,,,,,,,,,,
178,Coffee glisse,,,BEVERAGES,11.00,,TRUE,https://encrypted-tbn0.gstatic.com/images?q=tbn:ANd9GcTcWKAPNpBPrNwnMLN98hVyg5Vs1x3GOpALlg&s,,15,BEVERAGES,İÇKİLƏR,НАПИТКИ,İÇECEKLER,المشروبات,पेय पदार्थ,BOISSONS,BEVANDE,Coffee glisse,Coffee glisse,Кофе глясе,Dondurmalı kahve,قهوة غليسيه,कॉफी ग्लिस,Café glacé,Caffè glassato,,,,,,,,,,
179,Coffee Latte,,,BEVERAGES,6.60,,TRUE,https://encrypted-tbn0.gstatic.com/images?q=tbn:ANd9GcTcWKAPNpBPrNwnMLN98hVyg5Vs1x3GOpALlg&s,,15,BEVERAGES,İÇKİLƏR,НАПИТКИ,İÇECEKLER,المشروبات,पेय पदार्थ,BOISSONS,BEVANDE,Coffee Latte,Kofe latte,Кофе латте,Caffè latte,كافيه لاتيه,कॉफी लाते,Café latte,Caffè latte,,,,,,,,,,
180,Cappuccino,,,BEVERAGES,6.60,,TRUE,https://encrypted-tbn0.gstatic.com/images?q=tbn:ANd9GcTcWKAPNpBPrNwnMLN98hVyg5Vs1x3GOpALlg&s,,15,BEVERAGES,İÇKİLƏR,НАПИТКИ,İÇECEKLER,المشروبات,पेय पदार्थ,BOISSONS,BEVANDE,Cappuccino,Kapuçino,Капучино,Cappuccino,كابوتشينو,कैपुचिनो,Cappuccino,Cappuccino,,,,,,,,,,
181,Iced americano,,,BEVERAGES,7.70,,TRUE,https://encrypted-tbn0.gstatic.com/images?q=tbn:ANd9GcTcWKAPNpBPrNwnMLN98hVyg5Vs1x3GOpALlg&s,,15,BEVERAGES,İÇKİLƏR,НАПИТКИ,İÇECEKLER,المشروبات,पेय पदार्थ,BOISSONS,BEVANDE,Iced americano,Soyuq americano,Холодный американо,Soğuk americano,أمريكانو مثلج,आइस्ड अमेरिकानो,Americano glacé,Americano freddo,,,,,,,,,,
182,Iced mochaccino,,,BEVERAGES,7.70,,TRUE,https://encrypted-tbn0.gstatic.com/images?q=tbn:ANd9GcTcWKAPNpBPrNwnMLN98hVyg5Vs1x3GOpALlg&s,,15,BEVERAGES,İÇKİLƏR,НАПИТКИ,İÇECEKLER,المشروبات,पेय पदार्थ,BOISSONS,BEVANDE,Iced mochaccino,Soyuq mokaçino,Холодный мокачино,Soğuk mocha,موكاتشينو مثلج,आइस्ड मोकाचिनो,Mochaccino glacé,Mocaccino freddo,,,,,,,,,,
183,Frappuccino,,,BEVERAGES,7.70,,TRUE,https://encrypted-tbn0.gstatic.com/images?q=tbn:ANd9GcTcWKAPNpBPrNwnMLN98hVyg5Vs1x3GOpALlg&s,,15,BEVERAGES,İÇKİLƏR,НАПИТКИ,İÇECEKLER,المشروبات,पेय पदार्थ,BOISSONS,BEVANDE,Frappuccino,Frappuçino,Фраппучино,Frappuccino,فرابوتشينو,फ्रैपुचिनो,Frappuccino,Frappuccino,,,,,,,,,,
184,Mochaccino,,,BEVERAGES,7.70,,TRUE,https://encrypted-tbn0.gstatic.com/images?q=tbn:ANd9GcTcWKAPNpBPrNwnMLN98hVyg5Vs1x3GOpALlg&s,,15,BEVERAGES,İÇKİLƏR,НАПИТКИ,İÇECEKLER,المشروبات,पेय पदार्थ,BOISSONS,BEVANDE,Mochaccino,Mokaçino,Мокачино,Mocha,موكاتشينو,मोकाचिनो,Mochaccino,Mocaccino,,,,,,,,,,
185,Turkish coffee,,,BEVERAGES,6.60,,TRUE,https://encrypted-tbn0.gstatic.com/images?q=tbn:ANd9GcTcWKAPNpBPrNwnMLN98hVyg5Vs1x3GOpALlg&s,,15,BEVERAGES,İÇKİLƏR,НАПИТКИ,İÇECEKLER,المشروبات,पेय पदार्थ,BOISSONS,BEVANDE,Turkish coffee,Türk qəhvəsi,Турецкий кофе,Türk kahvesi,قهوة تركية,तुर्की कॉफी,Café turc,Caffè turco,,,,,,,,,,
186,Hot chocolate,,,BEVERAGES,7.70,,TRUE,https://encrypted-tbn0.gstatic.com/images?q=tbn:ANd9GcTcWKAPNpBPrNwnMLN98hVyg5Vs1x3GOpALlg&s,,15,BEVERAGES,İÇKİLƏR,НАПИТКИ,İÇECEKLER,المشروبات,पेय पदार्थ,BOISSONS,BEVANDE,Hot chocolate,İsti şokolad,Горячий шоколад,Sıcak çikolata,شوكولاتة ساخنة,हॉट चॉकलेट,Chocolat chaud,Cioccolata calda,,,,,,,,,,
187,"Mineral water (still, sparkling)",,,BEVERAGES,3.80,,TRUE,https://encrypted-tbn0.gstatic.com/images?q=tbn:ANd9GcTcWKAPNpBPrNwnMLN98hVyg5Vs1x3GOpALlg&s,,15,BEVERAGES,İÇKİLƏR,НАПИТКИ,İÇECEKLER,المشروبات,पेय पदार्थ,BOISSONS,BEVANDE,"Mineral water (still, sparkling)","Şeh mineral su (qazsız, qazlı)","Минеральная вода (без газа, с газом)","Maden suyu (sade, gazlı)",مياه معدنية (عادية، فوارة),"मिनरल वाटर (स्टिल, स्पार्कलिंग)","Eau minérale (plate, gazeuse)","Acqua minerale (naturale, frizzante)",,,,,,,,,,
188,Borjomi,,,BEVERAGES,4.40,,TRUE,https://encrypted-tbn0.gstatic.com/images?q=tbn:ANd9GcTcWKAPNpBPrNwnMLN98hVyg5Vs1x3GOpALlg&s,,15,BEVERAGES,İÇKİLƏR,НАПИТКИ,İÇECEKLER,المشروبات,पेय पदार्थ,BOISSONS,BEVANDE,Borjomi,Borjomi,Боржоми,Borjomi,بورجومي,बोर्जोमी,Borjomi,Borjomi,,,,,,,,,,
189,Sarıkız,,,BEVERAGES,3.30,,TRUE,https://encrypted-tbn0.gstatic.com/images?q=tbn:ANd9GcTcWKAPNpBPrNwnMLN98hVyg5Vs1x3GOpALlg&s,,15,BEVERAGES,İÇKİLƏR,НАПИТКИ,İÇECEKLER,المشروبات,पेय पदार्थ,BOISSONS,BEVANDE,Sarıkız,Sarıkız,Сарыкыз,Sarıkız,ساريكيز,सारीकीज़,Sarıkız,Sarıkız,,,,,,,,,,
190,Cola / Fanta / Sprite / Cola Zero,,,BEVERAGES,4.40,Regular,TRUE,https://encrypted-tbn0.gstatic.com/images?q=tbn:ANd9GcTcWKAPNpBPrNwnMLN98hVyg5Vs1x3GOpALlg&s,,15,BEVERAGES,İÇKİLƏR,НАПИТКИ,İÇECEKLER,المشروبات,पेय पदार्थ,BOISSONS,BEVANDE,Cola / Fanta / Sprite / Cola Zero,Cola / Fanta / Sprite / Cola Zero,Кола / Фанта / Спрайт / Кола Зеро,Cola / Fanta / Sprite / Cola Zero,كولا / فانتا / سبرايت / كولا زيرو,कोला / फैंटा / स्प्राइट / कोला ज़ीरो,Cola / Fanta / Sprite / Cola Zero,Cola / Fanta / Sprite / Cola Zero,,,,,,,,,,
191,Kompot,,,BEVERAGES,8.80,,TRUE,https://encrypted-tbn0.gstatic.com/images?q=tbn:ANd9GcTcWKAPNpBPrNwnMLN98hVyg5Vs1x3GOpALlg&s,,15,BEVERAGES,İÇKİLƏR,НАПИТКИ,İÇECEKLER,المشروبات,पेय पदार्थ,BOISSONS,BEVANDE,Kompot,Kompot,Компот,Komposto,كومبوت,कॉम्पोट,Compote,Kompot,,,,,,,,,,
192,"Ice tea (lemon, peach, mango, pineapple)",,,BEVERAGES,4.40,,TRUE,https://encrypted-tbn0.gstatic.com/images?q=tbn:ANd9GcTcWKAPNpBPrNwnMLN98hVyg5Vs1x3GOpALlg&s,,15,BEVERAGES,İÇKİLƏR,НАПИТКИ,İÇECEKLER,المشروبات,पेय पदार्थ,BOISSONS,BEVANDE,"Ice tea (lemon, peach, mango, pineapple)","Ice tea (limon, şaftalı, mango, ananas)","Холодный чай (лимон, персик, манго, ананас)","Ice tea (limon, şeftali, mango, ananas)",شاي مثلج (ليمون، خوخ، مانجو، أناناس),"आइस टी (नींबू, आड़ू, आम, अनानास)","Thé glacé (citron, pêche, mangue, ananas)","Tè freddo (limone, pesca, mango, ananas)",,,,,,,,,,
193,Kids fruit juice,,,BEVERAGES,2.20,,TRUE,https://encrypted-tbn0.gstatic.com/images?q=tbn:ANd9GcTcWKAPNpBPrNwnMLN98hVyg5Vs1x3GOpALlg&s,,15,BEVERAGES,İÇKİLƏR,НАПИТКИ,İÇECEKLER,المشروبات,पेय पदार्थ,BOISSONS,BEVANDE,Kids fruit juice,Uşaq meyvə şirəsi,Детский фруктовый сок,Çocuk meyve suyu,عصير فواكه للأطفال,बच्चों का फल रस,Jus de fruits pour enfants,Succo di frutta per bambini,,,,,,,,,,
194,Fruit juice,,,BEVERAGES,3.80,,TRUE,https://encrypted-tbn0.gstatic.com/images?q=tbn:ANd9GcTcWKAPNpBPrNwnMLN98hVyg5Vs1x3GOpALlg&s,,15,BEVERAGES,İÇKİLƏR,НАПИТКИ,İÇECEKLER,المشروبات,पेय पदार्थ,BOISSONS,BEVANDE,Fruit juice,Meyvə şirəsi,Фруктовый сок,Meyve suyu,عصير فواكه,फल रस,Jus de fruits,Succo di frutta,,,,,,,,,,
195,Ayran,,,BEVERAGES,3.30,,TRUE,https://encrypted-tbn0.gstatic.com/images?q=tbn:ANd9GcTcWKAPNpBPrNwnMLN98hVyg5Vs1x3GOpALlg&s,,15,BEVERAGES,İÇKİLƏR,НАПИТКИ,İÇECEKLER,المشروبات,पेय पदार्थ,BOISSONS,BEVANDE,Ayran,Ayran,Айран,Ayran,عيران,अयरान,Ayran,Ayran,,,,,,,,,,
196,Schweppes Tonic,,,BEVERAGES,5.50,,TRUE,https://encrypted-tbn0.gstatic.com/images?q=tbn:ANd9GcTcWKAPNpBPrNwnMLN98hVyg5Vs1x3GOpALlg&s,,15,BEVERAGES,İÇKİLƏR,НАПИТКИ,İÇECEKLER,المشروبات,पेय पदार्थ,BOISSONS,BEVANDE,Schweppes Tonic,Schweppes Tonic,Швепс тоник,Schweppes Tonic,شويبس تونيك,श्वेप्स टॉनिक,Schweppes Tonic,Schweppes Tonic,,,,,,,,,,
197,Orange,,,BEVERAGES,9.40,,TRUE,https://encrypted-tbn0.gstatic.com/images?q=tbn:ANd9GcTcWKAPNpBPrNwnMLN98hVyg5Vs1x3GOpALlg&s,,15,BEVERAGES,İÇKİLƏR,НАПИТКИ,İÇECEKLER,المشروبات,पेय पदार्थ,BOISSONS,BEVANDE,Orange,Portağal,Апельсиновый,Portakal,برتقال,संतरा,Orange,Arancia,,,,,,,,,,
198,Grapefruit,,,BEVERAGES,9.50,,TRUE,https://encrypted-tbn0.gstatic.com/images?q=tbn:ANd9GcTcWKAPNpBPrNwnMLN98hVyg5Vs1x3GOpALlg&s,,15,BEVERAGES,İÇKİLƏR,НАПИТКИ,İÇECEKLER,المشروبات,पेय पदार्थ,BOISSONS,BEVANDE,Grapefruit,Qreyfrut,Грейпфрутовый,Greyfurt,جريب فروت,अंगूरफल,Pamplemousse,Pompelmo,,,,,,,,,,
199,Apple,,,BEVERAGES,8.00,,TRUE,https://encrypted-tbn0.gstatic.com/images?q=tbn:ANd9GcTcWKAPNpBPrNwnMLN98hVyg5Vs1x3GOpALlg&s,,15,BEVERAGES,İÇKİLƏR,НАПИТКИ,İÇECEKLER,المشروبات,पेय पदार्थ,BOISSONS,BEVANDE,Apple,Alma,Яблочный,Elma,تفاح,सेब,Pomme,Mela,,,,,,,,,,
200,Carrot,,,BEVERAGES,8.00,,TRUE,https://encrypted-tbn0.gstatic.com/images?q=tbn:ANd9GcTcWKAPNpBPrNwnMLN98hVyg5Vs1x3GOpALlg&s,,15,BEVERAGES,İÇKİLƏR,НАПИТКИ,İÇECEKLER,المشروبات,पेय पदार्थ,BOISSONS,BEVANDE,Carrot,Kök,Морковный,Havuç,جزر,गाजर,Carotte,Carota,,,,,,,,,,
201,Pineapple,,,BEVERAGES,11.50,,TRUE,https://encrypted-tbn0.gstatic.com/images?q=tbn:ANd9GcTcWKAPNpBPrNwnMLN98hVyg5Vs1x3GOpALlg&s,,15,BEVERAGES,İÇKİLƏR,НАПИТКИ,İÇECEKLER,المشروبات,पेय पदार्थ,BOISSONS,BEVANDE,Pineapple,Ananas,Ананасовый,Ananas,أناناس,अनानास,Ananas,Ananas,,,,,,,,,,
202,Pomegranate,,,BEVERAGES,9.00,,TRUE,https://encrypted-tbn0.gstatic.com/images?q=tbn:ANd9GcTcWKAPNpBPrNwnMLN98hVyg5Vs1x3GOpALlg&s,,15,BEVERAGES,İÇKİLƏR,НАПИТКИ,İÇECEKLER,المشروبات,पेय पदार्थ,BOISSONS,BEVANDE,Pomegranate,Nar,Гранатовый,Nar,رمان,अनार,Grenade,Melograno,,,,,,,,,,
203,Mixed Fresh,,,BEVERAGES,9.90,,TRUE,https://encrypted-tbn0.gstatic.com/images?q=tbn:ANd9GcTcWKAPNpBPrNwnMLN98hVyg5Vs1x3GOpALlg&s,,15,BEVERAGES,İÇKİLƏR,НАПИТКИ,İÇECEKLER,المشروبات,पेय पदार्थ,BOISSONS,BEVANDE,Mixed Fresh,Qarışıq təzə,Микс свежих соков,Karışık taze,مشكل طازج,मिश्रित ताजा,Mixte frais,Misto fresco,,,,,,,,,,
204,Rainbow,,,BEVERAGES,15.00,,TRUE,https://encrypted-tbn0.gstatic.com/images?q=tbn:ANd9GcTcWKAPNpBPrNwnMLN98hVyg5Vs1x3GOpALlg&s,,15,BEVERAGES,İÇKİLƏR,НАПИТКИ,İÇECEKLER,المشروبات,पेय पदार्थ,BOISSONS,BEVANDE,Rainbow,Göy qurşağı,Радуга,Gökkuşağı,رينبو,रेनबो,Arc-en-ciel,Arcobaleno,,,,,,,,,,
205,Pina Colada,,,BEVERAGES,13.00,,TRUE,https://encrypted-tbn0.gstatic.com/images?q=tbn:ANd9GcTcWKAPNpBPrNwnMLN98hVyg5Vs1x3GOpALlg&s,,15,BEVERAGES,İÇKİLƏR,НАПИТКИ,İÇECEKLER,المشروبات,पेय पदार्थ,BOISSONS,BEVANDE,Pina Colada,Pina kolada,Пина колада,Pina colada,بينا كولادا,पिना कोलाडा,Piña colada,Piña colada,,,,,,,,,,
206,Watermelon Ginger,,,BEVERAGES,12.00,,TRUE,https://encrypted-tbn0.gstatic.com/images?q=tbn:ANd9GcTcWKAPNpBPrNwnMLN98hVyg5Vs1x3GOpALlg&s,,15,BEVERAGES,İÇKİLƏR,НАПИТКИ,İÇECEKLER,المشروبات,पेय पदार्थ,BOISSONS,BEVANDE,Watermelon Ginger,Qarpız zəncəfil,Арбуз-имбирь,Karpuz zencefil,بطيخ زنجبيل,तरबूज अदरक,Pastèque gingembre,Anguria zenzero,,,,,,,,,,
207,Watermelon Classic,,,BEVERAGES,11.00,,TRUE,https://encrypted-tbn0.gstatic.com/images?q=tbn:ANd9GcTcWKAPNpBPrNwnMLN98hVyg5Vs1x3GOpALlg&s,,15,BEVERAGES,İÇKİLƏR,НАПИТКИ,İÇECEKLER,المشروبات,पेय पदार्थ,BOISSONS,BEVANDE,Watermelon Classic,Qarpız klassik,Арбуз классический,Karpuz klasik,بطيخ كلاسيك,तरबूज क्लासिक,Pastèque classique,Anguria classica,,,,,,,,,,
208,Fitness Club,,,BEVERAGES,17.60,,TRUE,https://encrypted-tbn0.gstatic.com/images?q=tbn:ANd9GcTcWKAPNpBPrNwnMLN98hVyg5Vs1x3GOpALlg&s,,15,BEVERAGES,İÇKİLƏR,НАПИТКИ,İÇECEKLER,المشروبات,पेय पदार्थ,BOISSONS,BEVANDE,Fitness Club,Fitnes klub,Фитнес клуб,Fitness kulüp,فيتنس كلوب,फिटनेस क्लब,Fitness club,Fitness club,,,,,,,,,,
209,Mango Mint Smoothie,,,BEVERAGES,9.90,,TRUE,https://encrypted-tbn0.gstatic.com/images?q=tbn:ANd9GcTcWKAPNpBPrNwnMLN98hVyg5Vs1x3GOpALlg&s,,15,BEVERAGES,İÇKİLƏR,НАПИТКИ,İÇECEKLER,المشروبات,पेय पदार्थ,BOISSONS,BEVANDE,Mango Mint Smoothie,Manqo nanə smoothie,Манго-мятный смузи,Mango nane smoothie,سموذي المانجو والنعناع,आम पुदीना स्मूदी,Smoothie mangue menthe,Smoothie mango menta,,,,,,,,,,
210,Mojito (various flavors),,,BEVERAGES,11.00,,TRUE,https://encrypted-tbn0.gstatic.com/images?q=tbn:ANd9GcTcWKAPNpBPrNwnMLN98hVyg5Vs1x3GOpALlg&s,,15,BEVERAGES,İÇKİLƏR,НАПИТКИ,İÇECEKLER,المشروبات,पेय पदार्थ,BOISSONS,BEVANDE,Mojito (various flavors),Mojito (müxtəlif dadlar),Мохито (разные вкусы),Mojito (çeşitli aromalı),موهيتو (نكهات مختلفة),मोहितो (विभिन्न स्वाद),Mojito (différentes saveurs),Mojito (vari gusti),,,,,,,,,,
211,Energy Mojito,,,BEVERAGES,15.40,,TRUE,https://encrypted-tbn0.gstatic.com/images?q=tbn:ANd9GcTcWKAPNpBPrNwnMLN98hVyg5Vs1x3GOpALlg&s,,15,BEVERAGES,İÇKİLƏR,НАПИТКИ,İÇECEKLER,المشروبات,पेय पदार्थ,BOISSONS,BEVANDE,Energy Mojito,Enerji mojito,Энергетический мохито,Enerji mojito,موهيتو الطاقة,एनर्जी मोहितो,Mojito énergétique,Mojito energetico,,,,,,,,,,
212,Classic Milkshake,,,BEVERAGES,9.90,,TRUE,https://encrypted-tbn0.gstatic.com/images?q=tbn:ANd9GcTcWKAPNpBPrNwnMLN98hVyg5Vs1x3GOpALlg&s,,15,BEVERAGES,İÇKİLƏR,НАПИТКИ,İÇECEKLER,المشروبات,पेय पदार्थ,BOISSONS,BEVANDE,Classic Milkshake,Klassik milkşeyk,Классический милкшейк,Klasik milkshake,ميلك شيك كلاسيك,क्लासिक मिल्कशेक,Milkshake classique,Milkshake classico,,,,,,,,,,
213,Special Milkshake,,,BEVERAGES,12.00,,TRUE,https://encrypted-tbn0.gstatic.com/images?q=tbn:ANd9GcTcWKAPNpBPrNwnMLN98hVyg5Vs1x3GOpALlg&s,,15,BEVERAGES,İÇKİLƏR,НАПИТКИ,İÇECEKLER,المشروبات,पेय पदार्थ,BOISSONS,BEVANDE,Special Milkshake,Xüsusi milkşeyk,Особый милкшейк,Özel milkshake,ميلك شيك خاص,स्पेशल मिल्कशेक,Milkshake spécial,Milkshake speciale,,,,,,,,,,
214,Raspberry Vanilla,,,BEVERAGES,8.00,Regular,TRUE,https://encrypted-tbn0.gstatic.com/images?q=tbn:ANd9GcTcWKAPNpBPrNwnMLN98hVyg5Vs1x3GOpALlg&s,,15,BEVERAGES,İÇKİLƏR,НАПИТКИ,İÇECEKLER,المشروبات,पेय पदार्थ,BOISSONS,BEVANDE,Raspberry Vanilla,Moruq vanilin,Малина-ваниль,Ahududu vanilyalı,توت العليق بالفانيليا,रास्पबेरी वनीला,Framboise vanille,Lampone vaniglia,,,,,,,,,,
215,Raspberry Vanilla,,,BEVERAGES,19.00,Large,TRUE,https://encrypted-tbn0.gstatic.com/images?q=tbn:ANd9GcTcWKAPNpBPrNwnMLN98hVyg5Vs1x3GOpALlg&s,,15,BEVERAGES,İÇKİLƏR,НАПИТКИ,İÇECEKLER,المشروبات,पेय पदार्थ,BOISSONS,BEVANDE,Raspberry Vanilla,Moruq vanilin,Малина-ваниль,Ahududu vanilyalı,توت العليق بالفانيليا,रास्पबेरी वनीला,Framboise vanille,Lampone vaniglia,,,,,,,,,,
216,Cassis Orange,,,BEVERAGES,8.00,Regular,TRUE,https://encrypted-tbn0.gstatic.com/images?q=tbn:ANd9GcTcWKAPNpBPrNwnMLN98hVyg5Vs1x3GOpALlg&s,,15,BEVERAGES,İÇKİLƏR,НАПИТКИ,İÇECEKLER,المشروبات,पेय पदार्थ,BOISSONS,BEVANDE,Cassis Orange,Qarağat portağal,Смородина-апельсин,Frenk üzümü portakallı,كاسيس برتقال,काली मिर्च नारंगी,Cassis orange,Ribes arancia,,,,,,,,,,
217,Cassis Orange,,,BEVERAGES,19.00,Large,TRUE,https://encrypted-tbn0.gstatic.com/images?q=tbn:ANd9GcTcWKAPNpBPrNwnMLN98hVyg5Vs1x3GOpALlg&s,,15,BEVERAGES,İÇKİLƏR,НАПИТКИ,İÇECEKLER,المشروبات,पेय पदार्थ,BOISSONS,BEVANDE,Cassis Orange,Qarağat portağal,Смородина-апельсин,Frenk üzümü portakallı,كاسيس برتقال,काली मिर्च नारंगी,Cassis orange,Ribes arancia,,,,,,,,,,
218,Strawberry Bubble Gum,,,BEVERAGES,8.00,Regular,TRUE,https://encrypted-tbn0.gstatic.com/images?q=tbn:ANd9GcTcWKAPNpBPrNwnMLN98hVyg5Vs1x3GOpALlg&s,,15,BEVERAGES,İÇKİLƏR,НАПИТКИ,İÇECEKLER,المشروبات,पेय पदार्थ,BOISSONS,BEVANDE,Strawberry Bubble Gum,Çiyələk bubble gum,Клубничная жвачка,Çilekli sakız,فراولة بابل جام,स्ट्रॉबेरी बबल गम,Fraise bubble gum,Fragola bubble gum,,,,,,,,,,
219,Strawberry Bubble Gum,,,BEVERAGES,19.00,Large,TRUE,https://encrypted-tbn0.gstatic.com/images?q=tbn:ANd9GcTcWKAPNpBPrNwnMLN98hVyg5Vs1x3GOpALlg&s,,15,BEVERAGES,İÇKİLƏR,НАПИТКИ,İÇECEKLER,المشروبات,पेय पदार्थ,BOISSONS,BEVANDE,Strawberry Bubble Gum,Çiyələk bubble gum,Клубничная жвачка,Çilekli sakız,فراولة بابل جام,स्ट्रॉबेरी बबल गम,Fraise bubble gum,Fragola bubble gum,,,,,,,,,,
220,Berry Party,,,BEVERAGES,8.00,Regular,TRUE,https://encrypted-tbn0.gstatic.com/images?q=tbn:ANd9GcTcWKAPNpBPrNwnMLN98hVyg5Vs1x3GOpALlg&s,,15,BEVERAGES,İÇKİLƏR,НАПИТКИ,İÇECEKLER,المشروبات,पेय पदार्थ,BOISSONS,BEVANDE,Berry Party,Giləmeyvə partisi,Ягодная вечеринка,Orman meyveli parti,حفلة التوت,बेरी पार्टी,Fête des baies,Festa di bacche,,,,,,,,,,
221,Berry Party,,,BEVERAGES,19.00,Large,TRUE,https://encrypted-tbn0.gstatic.com/images?q=tbn:ANd9GcTcWKAPNpBPrNwnMLN98hVyg5Vs1x3GOpALlg&s,,15,BEVERAGES,İÇKİLƏR,НАПИТКИ,İÇECEKLER,المشروبات,पेय पदार्थ,BOISSONS,BEVANDE,Berry Party,Giləmeyvə partisi,Ягодная вечеринка,Orman meyveli parti,حفلة التوت,बेरी पार्टी,Fête des baies,Festa di bacche,,,,,,,,,,
222,Tropical Lemonade,,,BEVERAGES,8.00,Regular,TRUE,https://encrypted-tbn0.gstatic.com/images?q=tbn:ANd9GcTcWKAPNpBPrNwnMLN98hVyg5Vs1x3GOpALlg&s,,15,BEVERAGES,İÇKİLƏR,НАПИТКИ,İÇECEKLER,المشروبات,पेय पदार्थ,BOISSONS,BEVANDE,Tropical Lemonade,Tropik limonad,Тропический лимонад,Tropikal limonata,ليموناضة استوائية,ट्रॉपिकल लेमोनेड,Limonade tropicale,Limonata tropicale,,,,,,,,,,
223,Tropical Lemonade,,,BEVERAGES,19.00,Large,TRUE,https://encrypted-tbn0.gstatic.com/images?q=tbn:ANd9GcTcWKAPNpBPrNwnMLN98hVyg5Vs1x3GOpALlg&s,,15,BEVERAGES,İÇKİLƏR,НАПИТКИ,İÇECEKLER,المشروبات,पेय पदार्थ,BOISSONS,BEVANDE,Tropical Lemonade,Tropik limonad,Тропический лимонад,Tropikal limonata,ليموناضة استوائية,ट्रॉपिकल लेमोनेड,Limonade tropicale,Limonata tropicale,,,,,,,,,,
224,Peach Passion,,,BEVERAGES,8.00,Regular,TRUE,https://encrypted-tbn0.gstatic.com/images?q=tbn:ANd9GcTcWKAPNpBPrNwnMLN98hVyg5Vs1x3GOpALlg&s,,15,BEVERAGES,İÇKİLƏR,НАПИТКИ,İÇECEKLER,المشروبات,पेय पदार्थ,BOISSONS,BEVANDE,Peach Passion,Şaftalı ehtirasli,Персик-страсть,Şeftali tutku,خوخ باشن,पीच पैशन,Pêche passion,Pesca passione,,,,,,,,,,
225,Peach Passion,,,BEVERAGES,19.00,Large,TRUE,https://encrypted-tbn0.gstatic.com/images?q=tbn:ANd9GcTcWKAPNpBPrNwnMLN98hVyg5Vs1x3GOpALlg&s,,15,BEVERAGES,İÇKİLƏR,НАПИТКИ,İÇECEKLER,المشروبات,पेय पदार्थ,BOISSONS,BEVANDE,Peach Passion,Şaftalı ehtirasli,Персик-страсть,Şeftali tutku,خوخ باشن,पीच पैशन,Pêche passion,Pesca passione,,,,,,,,,,
226,Pina Colada Lemonade,,,BEVERAGES,8.00,Regular,TRUE,https://encrypted-tbn0.gstatic.com/images?q=tbn:ANd9GcTcWKAPNpBPrNwnMLN98hVyg5Vs1x3GOpALlg&s,,15,BEVERAGES,İÇKİLƏR,НАПИТКИ,İÇECEKLER,المشروبات,पेय पदार्थ,BOISSONS,BEVANDE,Pina Colada Lemonade,Pina kolada limonad,Пина колада лимонад,Pina colada limonata,بينا كولادا ليموناضة,पिना कोलाडा लेमोनेड,Limonade piña colada,Limonata piña colada,,,,,,,,,,
227,Pina Colada Lemonade,,,BEVERAGES,19.00,Large,TRUE,https://encrypted-tbn0.gstatic.com/images?q=tbn:ANd9GcTcWKAPNpBPrNwnMLN98hVyg5Vs1x3GOpALlg&s,,15,BEVERAGES,İÇKİLƏR,НАПИТКИ,İÇECEKLER,المشروبات,पेय पदार्थ,BOISSONS,BEVANDE,Pina Colada Lemonade,Pina kolada limonad,Пина колада лимонад,Pina colada limonata,بينا كولادا ليموناضة,पिना कोलाडा लेमोनेड,Limonade piña colada,Limonata piña colada,,,,,,,,,,
228,Apple Cinnamon Mix,,,BEVERAGES,8.00,Regular,TRUE,https://encrypted-tbn0.gstatic.com/images?q=tbn:ANd9GcTcWKAPNpBPrNwnMLN98hVyg5Vs1x3GOpALlg&s,,15,BEVERAGES,İÇKİLƏR,НАПИТКИ,İÇECEKLER,المشروبات,पेय पदार्थ,BOISSONS,BEVANDE,Apple Cinnamon Mix,Alma darçın qarışığı,Яблоко-корица микс,Elma tarçın karışımı,تفاح قرفة ميكس,सेब दालचीनी मिक्स,Mix pomme cannelle,Mix mela cannella,,,,,,,,,,
229,Apple Cinnamon Mix,,,BEVERAGES,19.00,Large,TRUE,https://encrypted-tbn0.gstatic.com/images?q=tbn:ANd9GcTcWKAPNpBPrNwnMLN98hVyg5Vs1x3GOpALlg&s,,15,BEVERAGES,İÇKİLƏR,НАПИТКИ,İÇECEKLER,المشروبات,पेय पदार्थ,BOISSONS,BEVANDE,Apple Cinnamon Mix,Alma darçın qarışığı,Яблоко-корица микс,Elma tarçın karışımı,تفاح قرفة ميكس,सेब दालचीनी मिक्स,Mix pomme cannelle,Mix mela cannella,,,,,,,,,,
230,Blueberry,,,BEVERAGES,8.00,Regular,TRUE,https://encrypted-tbn0.gstatic.com/images?q=tbn:ANd9GcTcWKAPNpBPrNwnMLN98hVyg5Vs1x3GOpALlg&s,,15,BEVERAGES,İÇKİLƏR,НАПИТКИ,İÇECEKLER,المشروبات,पेय पदार्थ,BOISSONS,BEVANDE,Blueberry,Göy giləmeyvə,Черника,Yaban mersini,توت أزرق,ब्लूबेरी,Myrtille,Mirtillo,,,,,,,,,,
231,Blueberry,,,BEVERAGES,19.00,Large,TRUE,https://encrypted-tbn0.gstatic.com/images?q=tbn:ANd9GcTcWKAPNpBPrNwnMLN98hVyg5Vs1x3GOpALlg&s,,15,BEVERAGES,İÇKİLƏR,НАПИТКИ,İÇECEKLER,المشروبات,पेय पदार्थ,BOISSONS,BEVANDE,Blueberry,Göy giləmeyvə,Черника,Yaban mersini,توت أزرق,ब्लूबेरी,Myrtille,Mirtillo,,,,,,,,,,
232,Watermelon Berry Mix,,,BEVERAGES,8.00,Regular,TRUE,https://encrypted-tbn0.gstatic.com/images?q=tbn:ANd9GcTcWKAPNpBPrNwnMLN98hVyg5Vs1x3GOpALlg&s,,15,BEVERAGES,İÇKİLƏR,НАПИТКИ,İÇECEKLER,المشروبات,पेय पदार्थ,BOISSONS,BEVANDE,Watermelon Berry Mix,Qarpız giləmeyvə qarışığı,Арбуз-ягодный микс,Karpuz orman meyveli karışım,بطيخ توت ميكس,तरबूज बेरी मिक्स,Mix pastèque et baies,Mix anguria e bacche,,,,,,,,,,
233,Watermelon Berry Mix,,,BEVERAGES,19.00,Large,TRUE,https://encrypted-tbn0.gstatic.com/images?q=tbn:ANd9GcTcWKAPNpBPrNwnMLN98hVyg5Vs1x3GOpALlg&s,,15,BEVERAGES,İÇKİLƏR,НАПИТКИ,İÇECEKLER,المشروبات,पेय पदार्थ,BOISSONS,BEVANDE,Watermelon Berry Mix,Qarpız giləmeyvə qarışığı,Арбуз-ягодный микс,Karpuz orman meyveli karışım,بطيخ توت ميكس,तरबूज बेरी मिक्स,Mix pastèque et baies,Mix anguria e bacche,,,,,,,,,,
234,Banana Caramel,,,BEVERAGES,8.00,Regular,TRUE,https://encrypted-tbn0.gstatic.com/images?q=tbn:ANd9GcTcWKAPNpBPrNwnMLN98hVyg5Vs1x3GOpALlg&s,,15,BEVERAGES,İÇKİLƏR,НАПИТКИ,İÇECEKLER,المشروبات,पेय पदार्थ,BOISSONS,BEVANDE,Banana Caramel,Banan karamel,Банан-карамель,Muz karamel,موز كراميل,केला कैरमल,Banane caramel,Banana caramello,,,,,,,,,,
235,Banana Caramel,,,BEVERAGES,19.00,Large,TRUE,https://encrypted-tbn0.gstatic.com/images?q=tbn:ANd9GcTcWKAPNpBPrNwnMLN98hVyg5Vs1x3GOpALlg&s,,15,BEVERAGES,İÇKİLƏR,НАПИТКИ,İÇECEKLER,المشروبات,पेय पदार्थ,BOISSONS,BEVANDE,Banana Caramel,Banan karamel,Банан-карамель,Muz karamel,موز كراميل,केला कैरमल,Banane caramel,Banana caramello,,,,,,,,,,
236,Lemon Lemonade,,,BEVERAGES,8.00,Regular,TRUE,https://encrypted-tbn0.gstatic.com/images?q=tbn:ANd9GcTcWKAPNpBPrNwnMLN98hVyg5Vs1x3GOpALlg&s,,15,BEVERAGES,İÇKİLƏR,НАПИТКИ,İÇECEKLER,المشروبات,पेय पदार्थ,BOISSONS,BEVANDE,Lemon Lemonade,Limon limonad,Лимонный лимонад,Limon limonata,ليموناضة الليمون,नींबू लेमोनेड,Limonade au citron,Limonata al limone,,,,,,,,,,
237,Lemon Lemonade,,,BEVERAGES,19.00,Large,TRUE,https://encrypted-tbn0.gstatic.com/images?q=tbn:ANd9GcTcWKAPNpBPrNwnMLN98hVyg5Vs1x3GOpALlg&s,,15,BEVERAGES,İÇKİLƏR,НАПИТКИ,İÇECEKLER,المشروبات,पेय पदार्थ,BOISSONS,BEVANDE,Lemon Lemonade,Limon limonad,Лимонный лимонад,Limon limonata,ليموناضة الليمون,नींबू लेमोनेड,Limonade au citron,Limonata al limone,,,,,,,,,,
238,Strawberry Blackcurrant,,,BEVERAGES,8.00,Regular,TRUE,https://encrypted-tbn0.gstatic.com/images?q=tbn:ANd9GcTcWKAPNpBPrNwnMLN98hVyg5Vs1x3GOpALlg&s,,15,BEVERAGES,İÇKİLƏR,НАПИТКИ,İÇECEKLER,المشروبات,पेय पदार्थ,BOISSONS,BEVANDE,Strawberry Blackcurrant,Çiyələk qarağat,Клубника-смородина,Çilek frenk üzümü,فراولة كشمش أسود,स्ट्रॉबेरी ब्लैककरंट,Fraise cassis,Fragola ribes,,,,,,,,,,
239,Strawberry Blackcurrant,,,BEVERAGES,19.00,Large,TRUE,https://encrypted-tbn0.gstatic.com/images?q=tbn:ANd9GcTcWKAPNpBPrNwnMLN98hVyg5Vs1x3GOpALlg&s,,15,BEVERAGES,İÇKİLƏR,НАПИТКИ,İÇECEKLER,المشروبات,पेय पदार्थ,BOISSONS,BEVANDE,Strawberry Blackcurrant,Çiyələk qarağat,Клубника-смородина,Çilek frenk üzümü,فراولة كشمش أسود,स्ट्रॉबेरी ब्लैककरंट,Fraise cassis,Fragola ribes,,,,,,,,,,
240,Passion Fruit Citrus,,,BEVERAGES,8.00,Regular,TRUE,https://encrypted-tbn0.gstatic.com/images?q=tbn:ANd9GcTcWKAPNpBPrNwnMLN98hVyg5Vs1x3GOpALlg&s,,15,BEVERAGES,İÇKİLƏR,НАПИТКИ,İÇECEKLER,المشروبات,पेय पदार्थ,BOISSONS,BEVANDE,Passion Fruit Citrus,Marakuya sitrus,Маракуйя-цитрус,Çarkıfelek narenciye,باشن فروت حمضيات,पैशन फ्रूट साइट्रस,Fruit de la passion agrumes,Frutto della passione agrumi,,,,,,,,,,
241,Passion Fruit Citrus,,,BEVERAGES,19.00,Large,TRUE,https://encrypted-tbn0.gstatic.com/images?q=tbn:ANd9GcTcWKAPNpBPrNwnMLN98hVyg5Vs1x3GOpALlg&s,,15,BEVERAGES,İÇKİLƏR,НАПИТКИ,İÇECEKLER,المشروبات,पेय पदार्थ,BOISSONS,BEVANDE,Passion Fruit Citrus,Marakuya sitrus,Маракуйя-цитрус,Çarkıfelek narenciye,باشن فروت حمضيات,पैशन फ्रूट साइट्रस,Fruit de la passion agrumes,Frutto della passione agrumi,,,,,,,,,,
242,Apple Kiwi,,,BEVERAGES,8.00,Regular,TRUE,https://encrypted-tbn0.gstatic.com/images?q=tbn:ANd9GcTcWKAPNpBPrNwnMLN98hVyg5Vs1x3GOpALlg&s,,15,BEVERAGES,İÇKİLƏR,НАПИТКИ,İÇECEKLER,المشروبات,पेय पदार्थ,BOISSONS,BEVANDE,Apple Kiwi,Alma kivi,Яблоко-киви,Elma kivi,تفاح كيوي,सेब कीवी,Pomme kiwi,Mela kiwi,,,,,,,,,,
243,Apple Kiwi,,,BEVERAGES,19.00,Large,TRUE,https://encrypted-tbn0.gstatic.com/images?q=tbn:ANd9GcTcWKAPNpBPrNwnMLN98hVyg5Vs1x3GOpALlg&s,,15,BEVERAGES,İÇKİLƏR,НАПИТКИ,İÇECEKLER,المشروبات,पेय पदार्थ,BOISSONS,BEVANDE,Apple Kiwi,Alma kivi,Яблоко-киви,Elma kivi,تفاح كيوي,सेब कीवी,Pomme kiwi,Mela kiwi,,,,,,,,,,
244,Energy Mojito,,,ALCOHOLIC BEVERAGES,20.00,,TRUE,https://encrypted-tbn0.gstatic.com/images?q=tbn:ANd9GcTcWKAPNpBPrNwnMLN98hVyg5Vs1x3GOpALlg&s,,15,ALCOHOLIC BEVERAGES,ALKOQOLLU İÇKİLƏR,АЛКОГОЛЬНЫЕ НАПИТКИ,ALKOLLÜ İÇECEKLER,المشروبات الكحولية,अल्कोहल पेय,BOISSONS ALCOOLISÉES,BEVANDE ALCOLICHE,Energy Mojito,Enerji mojito,Энергетический мохито,Enerji mojito,موهيتو الطاقة,एनर्जी मोहितो,Mojito énergétique,Mojito energetico,,,,,,,,,,
245,B-52,,,ALCOHOLIC BEVERAGES,12.00,,TRUE,https://encrypted-tbn0.gstatic.com/images?q=tbn:ANd9GcTcWKAPNpBPrNwnMLN98hVyg5Vs1x3GOpALlg&s,,15,ALCOHOLIC BEVERAGES,ALKOQOLLU İÇKİLƏR,АЛКОГОЛЬНЫЕ НАПИТКИ,ALKOLLÜ İÇECEKLER,المشروبات الكحولية,अल्कोहल पेय,BOISSONS ALCOOLISÉES,BEVANDE ALCOLICHE,B-52,B-52,Б-52,B-52,بي-52,बी-52,B-52,B-52,,,,,,,,,,
246,Hiroshima,,,ALCOHOLIC BEVERAGES,13.20,,TRUE,https://encrypted-tbn0.gstatic.com/images?q=tbn:ANd9GcTcWKAPNpBPrNwnMLN98hVyg5Vs1x3GOpALlg&s,,15,ALCOHOLIC BEVERAGES,ALKOQOLLU İÇKİLƏR,АЛКОГОЛЬНЫЕ НАПИТКИ,ALKOLLÜ İÇECEKLER,المشروبات الكحولية,अल्कोहल पेय,BOISSONS ALCOOLISÉES,BEVANDE ALCOLICHE,Hiroshima,Hirosima,Хиросима,Hiroşima,هيروشيما,हिरोशिमा,Hiroshima,Hiroshima,,,,,,,,,,
247,Jager Bomb,,,ALCOHOLIC BEVERAGES,16.50,,TRUE,https://encrypted-tbn0.gstatic.com/images?q=tbn:ANd9GcTcWKAPNpBPrNwnMLN98hVyg5Vs1x3GOpALlg&s,,15,ALCOHOLIC BEVERAGES,ALKOQOLLU İÇKİLƏR,АЛКОГОЛЬНЫЕ НАПИТКИ,ALKOLLÜ İÇECEKLER,المشروبات الكحولية,अल्कोहल पेय,BOISSONS ALCOOLISÉES,BEVANDE ALCOLICHE,Jager Bomb,Jager bum,Ягер бомба,Jager bomb,جيغر بوم,जेगर बॉम्ब,Jäger bomb,Jager bomb,,,,,,,,,,
248,Pina Colada,,,ALCOHOLIC BEVERAGES,17.50,,TRUE,https://encrypted-tbn0.gstatic.com/images?q=tbn:ANd9GcTcWKAPNpBPrNwnMLN98hVyg5Vs1x3GOpALlg&s,,15,ALCOHOLIC BEVERAGES,ALKOQOLLU İÇKİLƏR,АЛКОГОЛЬНЫЕ НАПИТКИ,ALKOLLÜ İÇECEKLER,المشروبات الكحولية,अल्कोहल पेय,BOISSONS ALCOOLISÉES,BEVANDE ALCOLICHE,Pina Colada,Pina kolada,Пина колада,Pina colada,بينا كولادا,पिना कोलाडा,Piña colada,Piña colada,,,,,,,,,,
249,Margarita (various flavors),,,ALCOHOLIC BEVERAGES,15.00,,TRUE,https://encrypted-tbn0.gstatic.com/images?q=tbn:ANd9GcTcWKAPNpBPrNwnMLN98hVyg5Vs1x3GOpALlg&s,,15,ALCOHOLIC BEVERAGES,ALKOQOLLU İÇKİLƏR,АЛКОГОЛЬНЫЕ НАПИТКИ,ALKOLLÜ İÇECEKLER,المشروبات الكحولية,अल्कोहल पेय,BOISSONS ALCOOLISÉES,BEVANDE ALCOLICHE,Margarita (various flavors),Marqarita (müxtəlif dadlar),Маргарита (разные вкусы),Margarita (çeşitli),مارغريتا (نكهات مختلفة),मार्गरिटा (विभिन्न स्वाद),Margarita (différentes saveurs),Margarita (vari gusti),,,,,,,,,,
250,F-999,,,ALCOHOLIC BEVERAGES,13.00,,TRUE,https://encrypted-tbn0.gstatic.com/images?q=tbn:ANd9GcTcWKAPNpBPrNwnMLN98hVyg5Vs1x3GOpALlg&s,,15,ALCOHOLIC BEVERAGES,ALKOQOLLU İÇKİLƏR,АЛКОГОЛЬНЫЕ НАПИТКИ,ALKOLLÜ İÇECEKLER,المشروبات الكحولية,अल्कोहल पेय,BOISSONS ALCOOLISÉES,BEVANDE ALCOLICHE,F-999,F-999,Ф-999,F-999,إف-999,एफ-999,F-999,F-999,,,,,,,,,,
251,Rainbow,,,ALCOHOLIC BEVERAGES,15.00,,TRUE,https://encrypted-tbn0.gstatic.com/images?q=tbn:ANd9GcTcWKAPNpBPrNwnMLN98hVyg5Vs1x3GOpALlg&s,,15,ALCOHOLIC BEVERAGES,ALKOQOLLU İÇKİLƏR,АЛКОГОЛЬНЫЕ НАПИТКИ,ALKOLLÜ İÇECEKLER,المشروبات الكحولية,अल्कोहल पेय,BOISSONS ALCOOLISÉES,BEVANDE ALCOLICHE,Rainbow,Göy qurşağı,Радуга,Gökkuşağı,رينبو,रेनबो,Arc-en-ciel,Arcobaleno,,,,,,,,,,
252,Sex on the Beach,,,ALCOHOLIC BEVERAGES,15.00,,TRUE,https://encrypted-tbn0.gstatic.com/images?q=tbn:ANd9GcTcWKAPNpBPrNwnMLN98hVyg5Vs1x3GOpALlg&s,,15,ALCOHOLIC BEVERAGES,ALKOQOLLU İÇKİLƏR,АЛКОГОЛЬНЫЕ НАПИТКИ,ALKOLLÜ İÇECEKLER,المشروبات الكحولية,अल्कोहल पेय,BOISSONS ALCOOLISÉES,BEVANDE ALCOLICHE,Sex on the Beach,Sex on the beach,Секс на пляже,Sex on the beach,سيكس أون ذا بيتش,सेक्स ऑन द बीच,Sex on the beach,Sex on the beach,,,,,,,,,,
253,Cosmopolitan,,,ALCOHOLIC BEVERAGES,15.00,,TRUE,https://encrypted-tbn0.gstatic.com/images?q=tbn:ANd9GcTcWKAPNpBPrNwnMLN98hVyg5Vs1x3GOpALlg&s,,15,ALCOHOLIC BEVERAGES,ALKOQOLLU İÇKİLƏR,АЛКОГОЛЬНЫЕ НАПИТКИ,ALKOLLÜ İÇECEKLER,المشروبات الكحولية,अल्कोहल पेय,BOISSONS ALCOOLISÉES,BEVANDE ALCOLICHE,Cosmopolitan,Kosmopolitan,Космополитен,Cosmopolitan,كوزموبوليتان,कॉस्मोपॉलिटन,Cosmopolitan,Cosmopolitan,,,,,,,,,,
254,Bloody Mary,,,ALCOHOLIC BEVERAGES,11.00,,TRUE,https://encrypted-tbn0.gstatic.com/images?q=tbn:ANd9GcTcWKAPNpBPrNwnMLN98hVyg5Vs1x3GOpALlg&s,,15,ALCOHOLIC BEVERAGES,ALKOQOLLU İÇKİLƏR,АЛКОГОЛЬНЫЕ НАПИТКИ,ALKOLLÜ İÇECEKLER,المشروبات الكحولية,अल्कोहल पेय,BOISSONS ALCOOLISÉES,BEVANDE ALCOLICHE,Bloody Mary,Qanlı meri,Кровавая Мэри,Bloody Mary,بلودي ماري,ब्लडी मैरी,Bloody Mary,Bloody Mary,,,,,,,,,,
255,Espresso Martini,,,ALCOHOLIC BEVERAGES,14.00,,TRUE,https://encrypted-tbn0.gstatic.com/images?q=tbn:ANd9GcTcWKAPNpBPrNwnMLN98hVyg5Vs1x3GOpALlg&s,,15,ALCOHOLIC BEVERAGES,ALKOQOLLU İÇKİLƏR,АЛКОГОЛЬНЫЕ НАПИТКИ,ALKOLLÜ İÇECEKLER,المشروبات الكحولية,अल्कोहल पेय,BOISSONS ALCOOLISÉES,BEVANDE ALCOLICHE,Espresso Martini,Espresso martini,Эспрессо мартини,Espresso martini,إسبريسو مارتيني,एस्प्रेसो मार्टिनी,Espresso martini,Espresso martini,,,,,,,,,,
256,Tropical Gin,,,ALCOHOLIC BEVERAGES,16.00,,TRUE,https://encrypted-tbn0.gstatic.com/images?q=tbn:ANd9GcTcWKAPNpBPrNwnMLN98hVyg5Vs1x3GOpALlg&s,,15,ALCOHOLIC BEVERAGES,ALKOQOLLU İÇKİLƏR,АЛКОГОЛЬНЫЕ НАПИТКИ,ALKOLLÜ İÇECEKLER,المشروبات الكحولية,अल्कोहल पेय,BOISSONS ALCOOLISÉES,BEVANDE ALCOLICHE,Tropical Gin,Tropik cin,Тропический джин,Tropikal cin,جين استوائي,ट्रॉपिकल जिन,Gin tropical,Gin tropicale,,,,,,,,,,
257,Mojito (various flavors),,,ALCOHOLIC BEVERAGES,18.00,,TRUE,https://encrypted-tbn0.gstatic.com/images?q=tbn:ANd9GcTcWKAPNpBPrNwnMLN98hVyg5Vs1x3GOpALlg&s,,15,ALCOHOLIC BEVERAGES,ALKOQOLLU İÇKİLƏR,АЛКОГОЛЬНЫЕ НАПИТКИ,ALKOLLÜ İÇECEKLER,المشروبات الكحولية,अल्कोहल पेय,BOISSONS ALCOOLISÉES,BEVANDE ALCOLICHE,Mojito (various flavors),Mojito (müxtəlif dadlar),Мохито (разные вкусы),Mojito (çeşitli),موهيتو (نكهات مختلفة),मोहितो (विभिन्न स्वाद),Mojito (différentes saveurs),Mojito (vari gusti),,,,,,,,,,
258,Barmen Special,,,ALCOHOLIC BEVERAGES,18.00,,TRUE,https://encrypted-tbn0.gstatic.com/images?q=tbn:ANd9GcTcWKAPNpBPrNwnMLN98hVyg5Vs1x3GOpALlg&s,,15,ALCOHOLIC BEVERAGES,ALKOQOLLU İÇKİLƏR,АЛКОГОЛЬНЫЕ НАПИТКИ,ALKOLLÜ İÇECEKLER,المشروبات الكحولية,अल्कोहल पेय,BOISSONS ALCOOLISÉES,BEVANDE ALCOLICHE,Barmen Special,Barmen xüsusi,Бармен спешл,Barmen özel,بارمن سبيشال,बारमैन स्पेशल,Spécial barman,Speciale barman,,,,,,,,,,
259,Chef Special,,,ALCOHOLIC BEVERAGES,18.00,,TRUE,https://encrypted-tbn0.gstatic.com/images?q=tbn:ANd9GcTcWKAPNpBPrNwnMLN98hVyg5Vs1x3GOpALlg&s,,15,ALCOHOLIC BEVERAGES,ALKOQOLLU İÇKİLƏR,АЛКОГОЛЬНЫЕ НАПИТКИ,ALKOLLÜ İÇECEKLER,المشروبات الكحولية,अल्कोहल पेय,BOISSONS ALCOOLISÉES,BEVANDE ALCOLICHE,Chef Special,Şef xüsusi,Шеф спешл,Şef özel,شيف سبيشال,शेफ स्पेशल,Spécial chef,Speciale chef,,,,,,,,,,
260,Long Island Iced Tea,,,ALCOHOLIC BEVERAGES,20.00,,TRUE,https://encrypted-tbn0.gstatic.com/images?q=tbn:ANd9GcTcWKAPNpBPrNwnMLN98hVyg5Vs1x3GOpALlg&s,,15,ALCOHOLIC BEVERAGES,ALKOQOLLU İÇKİLƏR,АЛКОГОЛЬНЫЕ НАПИТКИ,ALKOLLÜ İÇECEKLER,المشروبات الكحولية,अल्कोहल पेय,BOISSONS ALCOOLISÉES,BEVANDE ALCOLICHE,Long Island Iced Tea,Long island soyuq çay,Лонг айленд айс ти,Long Island ice tea,لونغ آيلاند آيس تي,लॉन्ग आइलैंड आइस्ड टी,Long Island iced tea,Long Island iced tea,,,,,,,,,,
261,"4 Red Bull, 1 Chivas 12 (0.7), fruit assortment",,,ALCOHOLIC BEVERAGES,143.00,,TRUE,https://encrypted-tbn0.gstatic.com/images?q=tbn:ANd9GcTcWKAPNpBPrNwnMLN98hVyg5Vs1x3GOpALlg&s,,15,ALCOHOLIC BEVERAGES,ALKOQOLLU İÇKİLƏR,АЛКОГОЛЬНЫЕ НАПИТКИ,ALKOLLÜ İÇECEKLER,المشروبات الكحولية,अल्कोहल पेय,BOISSONS ALCOOLISÉES,BEVANDE ALCOLICHE,"4 Red Bull, 1 Chivas 12 (0.7), fruit assortment","4 Red Bull, 1 Chivas 12 (0.7), meyvə assorti","4 Red Bull, 1 Chivas 12 (0.7), фруктовое ассорти","4 Red Bull, 1 Chivas 12 (0.7), meyve tabağı",4 ريد بول، 1 شيفاز 12 (0.7)، تشكيلة فواكه,"4 रेड बुल, 1 शिवास 12 (0.7), फलों का मिश्रण","4 Red Bull, 1 Chivas 12 (0.7), assortiment de fruits","4 Red Bull, 1 Chivas 12 (0.7), assortimento di frutta",,,,,,,,,,
262,Carlsberg (300ml/500ml),,,ALCOHOLIC BEVERAGES,6.50,Regular,TRUE,https://encrypted-tbn0.gstatic.com/images?q=tbn:ANd9GcTcWKAPNpBPrNwnMLN98hVyg5Vs1x3GOpALlg&s,,15,ALCOHOLIC BEVERAGES,ALKOQOLLU İÇKİLƏR,АЛКОГОЛЬНЫЕ НАПИТКИ,ALKOLLÜ İÇECEKLER,المشروبات الكحولية,अल्कोहल पेय,BOISSONS ALCOOLISÉES,BEVANDE ALCOLICHE,Carlsberg (300ml/500ml),Carlsberg (300ml/500ml),Carlsberg (300мл/500мл),Carlsberg (300ml/500ml),كارلسبرج (300مل/500مل),कार्लसबर्ग (300मिली/500मिली),Carlsberg (300ml/500ml),Carlsberg (300ml/500ml),,,,,,,,,,
263,Carlsberg (300ml/500ml),,,ALCOHOLIC BEVERAGES,7.50,Large,TRUE,https://encrypted-tbn0.gstatic.com/images?q=tbn:ANd9GcTcWKAPNpBPrNwnMLN98hVyg5Vs1x3GOpALlg&s,,15,ALCOHOLIC BEVERAGES,ALKOQOLLU İÇKİLƏR,АЛКОГОЛЬНЫЕ НАПИТКИ,ALKOLLÜ İÇECEKLER,المشروبات الكحولية,अल्कोहल पेय,BOISSONS ALCOOLISÉES,BEVANDE ALCOLICHE,Carlsberg (300ml/500ml),Carlsberg (300ml/500ml),Carlsberg (300мл/500мл),Carlsberg (300ml/500ml),كارلسبرج (300مل/500مل),कार्लसबर्ग (300मिली/500मिली),Carlsberg (300ml/500ml),Carlsberg (300ml/500ml),,,,,,,,,,
264,Xırdalan (300ml/500ml),,,ALCOHOLIC BEVERAGES,5.00,Regular,TRUE,https://encrypted-tbn0.gstatic.com/images?q=tbn:ANd9GcTcWKAPNpBPrNwnMLN98hVyg5Vs1x3GOpALlg&s,,15,ALCOHOLIC BEVERAGES,ALKOQOLLU İÇKİLƏR,АЛКОГОЛЬНЫЕ НАПИТКИ,ALKOLLÜ İÇECEKLER,المشروبات الكحولية,अल्कोहल पेय,BOISSONS ALCOOLISÉES,BEVANDE ALCOLICHE,Xırdalan (300ml/500ml),Xırdalan (300ml/500ml),Хырдалан (300мл/500мл),Xırdalan (300ml/500ml),خردالان (300مل/500مل),खिरदालान (300मिली/500मिली),Xırdalan (300ml/500ml),Xırdalan (300ml/500ml),,,,,,,,,,
265,Xırdalan (300ml/500ml),,,ALCOHOLIC BEVERAGES,6.00,Large,TRUE,https://encrypted-tbn0.gstatic.com/images?q=tbn:ANd9GcTcWKAPNpBPrNwnMLN98hVyg5Vs1x3GOpALlg&s,,15,ALCOHOLIC BEVERAGES,ALKOQOLLU İÇKİLƏR,АЛКОГОЛЬНЫЕ НАПИТКИ,ALKOLLÜ İÇECEKLER,المشروبات الكحولية,अल्कोहल पेय,BOISSONS ALCOOLISÉES,BEVANDE ALCOLICHE,Xırdalan (300ml/500ml),Xırdalan (300ml/500ml),Хырдалан (300мл/500мл),Xırdalan (300ml/500ml),خردالان (300مل/500مل),खिरदालान (300मिली/500मिली),Xırdalan (300ml/500ml),Xırdalan (300ml/500ml),,,,,,,,,,
266,Kronenbourg 1664,,,ALCOHOLIC BEVERAGES,8.50,,TRUE,https://encrypted-tbn0.gstatic.com/images?q=tbn:ANd9GcTcWKAPNpBPrNwnMLN98hVyg5Vs1x3GOpALlg&s,,15,ALCOHOLIC BEVERAGES,ALKOQOLLU İÇKİLƏR,АЛКОГОЛЬНЫЕ НАПИТКИ,ALKOLLÜ İÇECEKLER,المشروبات الكحولية,अल्कोहल पेय,BOISSONS ALCOOLISÉES,BEVANDE ALCOLICHE,Kronenbourg 1664,Kronenbourg 1664,Kronenbourg 1664,Kronenbourg 1664,كرونينبورغ 1664,क्रोनेनबर्ग 1664,Kronenbourg 1664,Kronenbourg 1664,,,,,,,,,,
267,Carlsberg,,,ALCOHOLIC BEVERAGES,7.50,,TRUE,https://encrypted-tbn0.gstatic.com/images?q=tbn:ANd9GcTcWKAPNpBPrNwnMLN98hVyg5Vs1x3GOpALlg&s,,15,ALCOHOLIC BEVERAGES,ALKOQOLLU İÇKİLƏR,АЛКОГОЛЬНЫЕ НАПИТКИ,ALKOLLÜ İÇECEKLER,المشروبات الكحولية,अल्कोहल पेय,BOISSONS ALCOOLISÉES,BEVANDE ALCOLICHE,Carlsberg,Carlsberg,Carlsberg,Carlsberg,كارلسبرج,कार्लसबर्ग,Carlsberg,Carlsberg,,,,,,,,,,
268,Somersby,,,ALCOHOLIC BEVERAGES,7.50,,TRUE,https://encrypted-tbn0.gstatic.com/images?q=tbn:ANd9GcTcWKAPNpBPrNwnMLN98hVyg5Vs1x3GOpALlg&s,,15,ALCOHOLIC BEVERAGES,ALKOQOLLU İÇKİLƏR,АЛКОГОЛЬНЫЕ НАПИТКИ,ALKOLLÜ İÇECEKLER,المشروبات الكحولية,अल्कोहल पेय,BOISSONS ALCOOLISÉES,BEVANDE ALCOLICHE,Somersby,Somersby,Somersby,Somersby,سومرسبي,सोमर्सबी,Somersby,Somersby,,,,,,,,,,
269,Tuborg 0.33lt,,,ALCOHOLIC BEVERAGES,7.50,,TRUE,https://encrypted-tbn0.gstatic.com/images?q=tbn:ANd9GcTcWKAPNpBPrNwnMLN98hVyg5Vs1x3GOpALlg&s,,15,ALCOHOLIC BEVERAGES,ALKOQOLLU İÇKİLƏR,АЛКОГОЛЬНЫЕ НАПИТКИ,ALKOLLÜ İÇECEKLER,المشروبات الكحولية,अल्कोहल पेय,BOISSONS ALCOOLISÉES,BEVANDE ALCOLICHE,Tuborg 0.33lt,Tuborg 0.33lt,Tuborg 0.33л,Tuborg 0.33lt,توبورغ 0.33لتر,टुबोर्ग 0.33लीटर,Tuborg 0.33l,Tuborg 0.33lt,,,,,,,,,,
270,Heineken,,,ALCOHOLIC BEVERAGES,9.50,,TRUE,https://encrypted-tbn0.gstatic.com/images?q=tbn:ANd9GcTcWKAPNpBPrNwnMLN98hVyg5Vs1x3GOpALlg&s,,15,ALCOHOLIC BEVERAGES,ALKOQOLLU İÇKİLƏR,АЛКОГОЛЬНЫЕ НАПИТКИ,ALKOLLÜ İÇECEKLER,المشروبات الكحولية,अल्कोहल पेय,BOISSONS ALCOOLISÉES,BEVANDE ALCOLICHE,Heineken,Heineken,Heineken,Heineken,هاينكن,हाइनेकेन,Heineken,Heineken,,,,,,,,,,
271,Efes 300ml,,,ALCOHOLIC BEVERAGES,7.50,,TRUE,https://encrypted-tbn0.gstatic.com/images?q=tbn:ANd9GcTcWKAPNpBPrNwnMLN98hVyg5Vs1x3GOpALlg&s,,15,ALCOHOLIC BEVERAGES,ALKOQOLLU İÇKİLƏR,АЛКОГОЛЬНЫЕ НАПИТКИ,ALKOLLÜ İÇECEKLER,المشروبات الكحولية,अल्कोहल पेय,BOISSONS ALCOOLISÉES,BEVANDE ALCOLICHE,Efes 300ml,Efes 300ml,Efes 300мл,Efes 300ml,إيفيس 300مل,एफेस 300मिली,Efes 300ml,Efes 300ml,,,,,,,,,,
272,Efes draft,,,ALCOHOLIC BEVERAGES,8.50,,TRUE,https://encrypted-tbn0.gstatic.com/images?q=tbn:ANd9GcTcWKAPNpBPrNwnMLN98hVyg5Vs1x3GOpALlg&s,,15,ALCOHOLIC BEVERAGES,ALKOQOLLU İÇKİLƏR,АЛКОГОЛЬНЫЕ НАПИТКИ,ALKOLLÜ İÇECEKLER,المشروبات الكحولية,अल्कोहल पेय,BOISSONS ALCOOLISÉES,BEVANDE ALCOLICHE,Efes draft,Efes draft,Efes draft,Efes draft,إيفيس درافت,एफेस ड्राफ्ट,Efes draft,Efes draft,,,,,,,,,,
273,Efes zero,,,ALCOHOLIC BEVERAGES,6.50,,TRUE,https://encrypted-tbn0.gstatic.com/images?q=tbn:ANd9GcTcWKAPNpBPrNwnMLN98hVyg5Vs1x3GOpALlg&s,,15,ALCOHOLIC BEVERAGES,ALKOQOLLU İÇKİLƏR,АЛКОГОЛЬНЫЕ НАПИТКИ,ALKOLLÜ İÇECEKLER,المشروبات الكحولية,अल्कोहल पेय,BOISSONS ALCOOLISÉES,BEVANDE ALCOLICHE,Efes zero,Efes zero,Efes zero,Efes zero,إيفيس زيرو,एफेस ज़ीरो,Efes zero,Efes zero,,,,,,,,,,
274,Corona,,,ALCOHOLIC BEVERAGES,10.40,,TRUE,https://encrypted-tbn0.gstatic.com/images?q=tbn:ANd9GcTcWKAPNpBPrNwnMLN98hVyg5Vs1x3GOpALlg&s,,15,ALCOHOLIC BEVERAGES,ALKOQOLLU İÇKİLƏR,АЛКОГОЛЬНЫЕ НАПИТКИ,ALKOLLÜ İÇECEKLER,المشروبات الكحولية,अल्कोहल पेय,BOISSONS ALCOOLISÉES,BEVANDE ALCOLICHE,Corona,Corona,Corona,Corona,كورونا,कोरोना,Corona,Corona,,,,,,,,,,
275,Baltika 0,,,ALCOHOLIC BEVERAGES,6.50,,TRUE,https://encrypted-tbn0.gstatic.com/images?q=tbn:ANd9GcTcWKAPNpBPrNwnMLN98hVyg5Vs1x3GOpALlg&s,,15,ALCOHOLIC BEVERAGES,ALKOQOLLU İÇKİLƏR,АЛКОГОЛЬНЫЕ НАПИТКИ,ALKOLLÜ İÇECEKLER,المشروبات الكحولية,अल्कोहल पेय,BOISSONS ALCOOLISÉES,BEVANDE ALCOLICHE,Baltika 0,Baltika 0,Baltika 0,Baltika 0,بالتيكا 0,बाल्टिका 0,Baltika 0,Baltika 0,,,,,,,,,,
276,Hill side rose,,,ALCOHOLIC BEVERAGES,9.50,Regular,TRUE,https://encrypted-tbn0.gstatic.com/images?q=tbn:ANd9GcTcWKAPNpBPrNwnMLN98hVyg5Vs1x3GOpALlg&s,,15,ALCOHOLIC BEVERAGES,ALKOQOLLU İÇKİLƏR,АЛКОГОЛЬНЫЕ НАПИТКИ,ALKOLLÜ İÇECEKLER,المشروبات الكحولية,अल्कोहल पेय,BOISSONS ALCOOLISÉES,BEVANDE ALCOLICHE,Hill side rose,Hill side rose,Hill side rose,Hill side rose,هيل سايد روزيه,हिल साइड रोज़,Hill side rosé,Hill side rose,,,,,,,,,,
277,Hill side rose,,,ALCOHOLIC BEVERAGES,49.00,Large,TRUE,https://encrypted-tbn0.gstatic.com/images?q=tbn:ANd9GcTcWKAPNpBPrNwnMLN98hVyg5Vs1x3GOpALlg&s,,15,ALCOHOLIC BEVERAGES,ALKOQOLLU İÇKİLƏR,АЛКОГОЛЬНЫЕ НАПИТКИ,ALKOLLÜ İÇECEKLER,المشروبات الكحولية,अल्कोहल पेय,BOISSONS ALCOOLISÉES,BEVANDE ALCOLICHE,Hill side rose,Hill side rose,Hill side rose,Hill side rose,هيل سايد روزيه,हिल साइड रोज़,Hill side rosé,Hill side rose,,,,,,,,,,
278,Savalan rose,,,ALCOHOLIC BEVERAGES,8.50,Regular,TRUE,https://encrypted-tbn0.gstatic.com/images?q=tbn:ANd9GcTcWKAPNpBPrNwnMLN98hVyg5Vs1x3GOpALlg&s,,15,ALCOHOLIC BEVERAGES,ALKOQOLLU İÇKİLƏR,АЛКОГОЛЬНЫЕ НАПИТКИ,ALKOLLÜ İÇECEKLER,المشروبات الكحولية,अल्कोहल पेय,BOISSONS ALCOOLISÉES,BEVANDE ALCOLICHE,Savalan rose,Savalan rose,Savalan rose,Savalan rose,سفالان روزيه,सवालान रोज़,Savalan rosé,Savalan rose,,,,,,,,,,
279,Savalan rose,,,ALCOHOLIC BEVERAGES,44.00,Large,TRUE,https://encrypted-tbn0.gstatic.com/images?q=tbn:ANd9GcTcWKAPNpBPrNwnMLN98hVyg5Vs1x3GOpALlg&s,,15,ALCOHOLIC BEVERAGES,ALKOQOLLU İÇKİLƏR,АЛКОГОЛЬНЫЕ НАПИТКИ,ALKOLLÜ İÇECEKLER,المشروبات الكحولية,अल्कोहल पेय,BOISSONS ALCOOLISÉES,BEVANDE ALCOLICHE,Savalan rose,Savalan rose,Savalan rose,Savalan rose,سفالان روزيه,सवालान रोज़,Savalan rosé,Savalan rose,,,,,,,,,,
280,Meysəri rose,,,ALCOHOLIC BEVERAGES,9.50,Regular,TRUE,https://encrypted-tbn0.gstatic.com/images?q=tbn:ANd9GcTcWKAPNpBPrNwnMLN98hVyg5Vs1x3GOpALlg&s,,15,ALCOHOLIC BEVERAGES,ALKOQOLLU İÇKİLƏR,АЛКОГОЛЬНЫЕ НАПИТКИ,ALKOLLÜ İÇECEKLER,المشروبات الكحولية,अल्कोहल पेय,BOISSONS ALCOOLISÉES,BEVANDE ALCOLICHE,Meysəri rose,Meysəri rose,Meysəri rose,Meysəri rose,ميسيري روزيه,मेयसेरी रोज़,Meysəri rosé,Meysəri rose,,,,,,,,,,
281,Meysəri rose,,,ALCOHOLIC BEVERAGES,49.00,Large,TRUE,https://encrypted-tbn0.gstatic.com/images?q=tbn:ANd9GcTcWKAPNpBPrNwnMLN98hVyg5Vs1x3GOpALlg&s,,15,ALCOHOLIC BEVERAGES,ALKOQOLLU İÇKİLƏR,АЛКОГОЛЬНЫЕ НАПИТКИ,ALKOLLÜ İÇECEKLER,المشروبات الكحولية,अल्कोहल पेय,BOISSONS ALCOOLISÉES,BEVANDE ALCOLICHE,Meysəri rose,Meysəri rose,Meysəri rose,Meysəri rose,ميسيري روزيه,मेयसेरी रोज़,Meysəri rosé,Meysəri rose,,,,,,,,,,
282,Hill side Chardonnay,,,ALCOHOLIC BEVERAGES,9.50,Regular,TRUE,https://encrypted-tbn0.gstatic.com/images?q=tbn:ANd9GcTcWKAPNpBPrNwnMLN98hVyg5Vs1x3GOpALlg&s,,15,ALCOHOLIC BEVERAGES,ALKOQOLLU İÇKİLƏR,АЛКОГОЛЬНЫЕ НАПИТКИ,ALKOLLÜ İÇECEKLER,المشروبات الكحولية,अल्कोहल पेय,BOISSONS ALCOOLISÉES,BEVANDE ALCOLICHE,Hill side Chardonnay,Hill side Chardonnay,Hill side Chardonnay,Hill side Chardonnay,هيل سايد شاردونيه,हिल साइड शार्डोने,Hill side Chardonnay,Hill side Chardonnay,,,,,,,,,,
283,Hill side Chardonnay,,,ALCOHOLIC BEVERAGES,49.00,Large,TRUE,https://encrypted-tbn0.gstatic.com/images?q=tbn:ANd9GcTcWKAPNpBPrNwnMLN98hVyg5Vs1x3GOpALlg&s,,15,ALCOHOLIC BEVERAGES,ALKOQOLLU İÇKİLƏR,АЛКОГОЛЬНЫЕ НАПИТКИ,ALKOLLÜ İÇECEKLER,المشروبات الكحولية,अल्कोहल पेय,BOISSONS ALCOOLISÉES,BEVANDE ALCOLICHE,Hill side Chardonnay,Hill side Chardonnay,Hill side Chardonnay,Hill side Chardonnay,هيل سايد شاردونيه,हिल साइड शार्डोने,Hill side Chardonnay,Hill side Chardonnay,,,,,,,,,,
284,Savalan Chardonnay,,,ALCOHOLIC BEVERAGES,9.50,Regular,TRUE,https://encrypted-tbn0.gstatic.com/images?q=tbn:ANd9GcTcWKAPNpBPrNwnMLN98hVyg5Vs1x3GOpALlg&s,,15,ALCOHOLIC BEVERAGES,ALKOQOLLU İÇKİLƏR,АЛКОГОЛЬНЫЕ НАПИТКИ,ALKOLLÜ İÇECEKLER,المشروبات الكحولية,अल्कोहल पेय,BOISSONS ALCOOLISÉES,BEVANDE ALCOLICHE,Savalan Chardonnay,Savalan Chardonnay,Savalan Chardonnay,Savalan Chardonnay,سفالان شاردونيه,सवालान शार्डोने,Savalan Chardonnay,Savalan Chardonnay,,,,,,,,,,
285,Savalan Chardonnay,,,ALCOHOLIC BEVERAGES,49.00,Large,TRUE,https://encrypted-tbn0.gstatic.com/images?q=tbn:ANd9GcTcWKAPNpBPrNwnMLN98hVyg5Vs1x3GOpALlg&s,,15,ALCOHOLIC BEVERAGES,ALKOQOLLU İÇKİLƏR,АЛКОГОЛЬНЫЕ НАПИТКИ,ALKOLLÜ İÇECEKLER,المشروبات الكحولية,अल्कोहल पेय,BOISSONS ALCOOLISÉES,BEVANDE ALCOLICHE,Savalan Chardonnay,Savalan Chardonnay,Savalan Chardonnay,Savalan Chardonnay,سفالان شاردونيه,सवालान शार्डोने,Savalan Chardonnay,Savalan Chardonnay,,,,,,,,,,
286,Meysəri Sədəf,,,ALCOHOLIC BEVERAGES,10.50,Regular,TRUE,https://encrypted-tbn0.gstatic.com/images?q=tbn:ANd9GcTcWKAPNpBPrNwnMLN98hVyg5Vs1x3GOpALlg&s,,15,ALCOHOLIC BEVERAGES,ALKOQOLLU İÇKİLƏR,АЛКОГОЛЬНЫЕ НАПИТКИ,ALKOLLÜ İÇECEKLER,المشروبات الكحولية,अल्कोहल पेय,BOISSONS ALCOOLISÉES,BEVANDE ALCOLICHE,Meysəri Sədəf,Meysəri Sədəf,Meysəri Sədəf,Meysəri Sədəf,ميسيري سيديف,मेयसेरी सेदेफ,Meysəri Sədəf,Meysəri Sədəf,,,,,,,,,,
287,Meysəri Sədəf,,,ALCOHOLIC BEVERAGES,49.00,Large,TRUE,https://encrypted-tbn0.gstatic.com/images?q=tbn:ANd9GcTcWKAPNpBPrNwnMLN98hVyg5Vs1x3GOpALlg&s,,15,ALCOHOLIC BEVERAGES,ALKOQOLLU İÇKİLƏR,АЛКОГОЛЬНЫЕ НАПИТКИ,ALKOLLÜ İÇECEKLER,المشروبات الكحولية,अल्कोहल पेय,BOISSONS ALCOOLISÉES,BEVANDE ALCOLICHE,Meysəri Sədəf,Meysəri Sədəf,Meysəri Sədəf,Meysəri Sədəf,ميسيري سيديف,मेयसेरी सेदेफ,Meysəri Sədəf,Meysəri Sədəf,,,,,,,,,,
288,Grante Chardonnay,,,ALCOHOLIC BEVERAGES,7.50,Regular,TRUE,https://encrypted-tbn0.gstatic.com/images?q=tbn:ANd9GcTcWKAPNpBPrNwnMLN98hVyg5Vs1x3GOpALlg&s,,15,ALCOHOLIC BEVERAGES,ALKOQOLLU İÇKİLƏR,АЛКОГОЛЬНЫЕ НАПИТКИ,ALKOLLÜ İÇECEKLER,المشروبات الكحولية,अल्कोहल पेय,BOISSONS ALCOOLISÉES,BEVANDE ALCOLICHE,Grante Chardonnay,Grante Chardonnay,Grante Chardonnay,Grante Chardonnay,غرانتي شاردونيه,ग्रैंटे शार्डोने,Grante Chardonnay,Grante Chardonnay,,,,,,,,,,
289,Grante Chardonnay,,,ALCOHOLIC BEVERAGES,42.00,Large,TRUE,https://encrypted-tbn0.gstatic.com/images?q=tbn:ANd9GcTcWKAPNpBPrNwnMLN98hVyg5Vs1x3GOpALlg&s,,15,ALCOHOLIC BEVERAGES,ALKOQOLLU İÇKİLƏR,АЛКОГОЛЬНЫЕ НАПИТКИ,ALKOLLÜ İÇECEKLER,المشروبات الكحولية,अल्कोहल पेय,BOISSONS ALCOOLISÉES,BEVANDE ALCOLICHE,Grante Chardonnay,Grante Chardonnay,Grante Chardonnay,Grante Chardonnay,غرانتي شاردونيه,ग्रैंटे शार्डोने,Grante Chardonnay,Grante Chardonnay,,,,,,,,,,
290,Hill side Reserv,,,ALCOHOLIC BEVERAGES,10.50,Regular,TRUE,https://encrypted-tbn0.gstatic.com/images?q=tbn:ANd9GcTcWKAPNpBPrNwnMLN98hVyg5Vs1x3GOpALlg&s,,15,ALCOHOLIC BEVERAGES,ALKOQOLLU İÇKİLƏR,АЛКОГОЛЬНЫЕ НАПИТКИ,ALKOLLÜ İÇECEKLER,المشروبات الكحولية,अल्कोहल पेय,BOISSONS ALCOOLISÉES,BEVANDE ALCOLICHE,Hill side Reserv,Hill side Reserv,Hill side Reserv,Hill side Reserv,هيل سايد ريزيرف,हिल साइड रिज़र्व,Hill side Reserv,Hill side Reserv,,,,,,,,,,
291,Hill side Reserv,,,ALCOHOLIC BEVERAGES,52.00,Large,TRUE,https://encrypted-tbn0.gstatic.com/images?q=tbn:ANd9GcTcWKAPNpBPrNwnMLN98hVyg5Vs1x3GOpALlg&s,,15,ALCOHOLIC BEVERAGES,ALKOQOLLU İÇKİLƏR,АЛКОГОЛЬНЫЕ НАПИТКИ,ALKOLLÜ İÇECEKLER,المشروبات الكحولية,अल्कोहल पेय,BOISSONS ALCOOLISÉES,BEVANDE ALCOLICHE,Hill side Reserv,Hill side Reserv,Hill side Reserv,Hill side Reserv,هيل سايد ريزيرف,हिल साइड रिज़र्व,Hill side Reserv,Hill side Reserv,,,,,,,,,,
292,Hill side Prestige,,,ALCOHOLIC BEVERAGES,10.50,Regular,TRUE,https://encrypted-tbn0.gstatic.com/images?q=tbn:ANd9GcTcWKAPNpBPrNwnMLN98hVyg5Vs1x3GOpALlg&s,,15,ALCOHOLIC BEVERAGES,ALKOQOLLU İÇKİLƏR,АЛКОГОЛЬНЫЕ НАПИТКИ,ALKOLLÜ İÇECEKLER,المشروبات الكحولية,अल्कोहल पेय,BOISSONS ALCOOLISÉES,BEVANDE ALCOLICHE,Hill side Prestige,Hill side Prestige,Hill side Prestige,Hill side Prestige,هيل سايد برستيج,हिल साइड प्रेस्टीज,Hill side Prestige,Hill side Prestige,,,,,,,,,,
293,Hill side Prestige,,,ALCOHOLIC BEVERAGES,49.00,Large,TRUE,https://encrypted-tbn0.gstatic.com/images?q=tbn:ANd9GcTcWKAPNpBPrNwnMLN98hVyg5Vs1x3GOpALlg&s,,15,ALCOHOLIC BEVERAGES,ALKOQOLLU İÇKİLƏR,АЛКОГОЛЬНЫЕ НАПИТКИ,ALKOLLÜ İÇECEKLER,المشروبات الكحولية,अल्कोहल पेय,BOISSONS ALCOOLISÉES,BEVANDE ALCOLICHE,Hill side Prestige,Hill side Prestige,Hill side Prestige,Hill side Prestige,هيل سايد برستيج,हिल साइड प्रेस्टीज,Hill side Prestige,Hill side Prestige,,,,,,,,,,
294,Hill side Pomegranate,,,ALCOHOLIC BEVERAGES,8.50,Regular,TRUE,https://encrypted-tbn0.gstatic.com/images?q=tbn:ANd9GcTcWKAPNpBPrNwnMLN98hVyg5Vs1x3GOpALlg&s,,15,ALCOHOLIC BEVERAGES,ALKOQOLLU İÇKİLƏR,АЛКОГОЛЬНЫЕ НАПИТКИ,ALKOLLÜ İÇECEKLER,المشروبات الكحولية,अल्कोहल पेय,BOISSONS ALCOOLISÉES,BEVANDE ALCOLICHE,Hill side Pomegranate,Hill side Pomegranate,Hill side Pomegranate,Hill side Pomegranate,هيل سايد رمان,हिल साइड पोमेग्रेनेट,Hill side Pomegranate,Hill side Pomegranate,,,,,,,,,,
295,Hill side Pomegranate,,,ALCOHOLIC BEVERAGES,49.00,Large,TRUE,https://encrypted-tbn0.gstatic.com/images?q=tbn:ANd9GcTcWKAPNpBPrNwnMLN98hVyg5Vs1x3GOpALlg&s,,15,ALCOHOLIC BEVERAGES,ALKOQOLLU İÇKİLƏR,АЛКОГОЛЬНЫЕ НАПИТКИ,ALKOLLÜ İÇECEKLER,المشروبات الكحولية,अल्कोहल पेय,BOISSONS ALCOOLISÉES,BEVANDE ALCOLICHE,Hill side Pomegranate,Hill side Pomegranate,Hill side Pomegranate,Hill side Pomegranate,هيل سايد رمان,हिल साइड पोमेग्रेनेट,Hill side Pomegranate,Hill side Pomegranate,,,,,,,,,,
296,Savalan Limited,,,ALCOHOLIC BEVERAGES,12.00,Regular,TRUE,https://encrypted-tbn0.gstatic.com/images?q=tbn:ANd9GcTcWKAPNpBPrNwnMLN98hVyg5Vs1x3GOpALlg&s,,15,ALCOHOLIC BEVERAGES,ALKOQOLLU İÇKİLƏR,АЛКОГОЛЬНЫЕ НАПИТКИ,ALKOLLÜ İÇECEKLER,المشروبات الكحولية,अल्कोहल पेय,BOISSONS ALCOOLISÉES,BEVANDE ALCOLICHE,Savalan Limited,Savalan Limited,Savalan Limited,Savalan Limited,سفالان ليمتد,सवालान लिमिटेड,Savalan Limited,Savalan Limited,,,,,,,,,,
297,Savalan Limited,,,ALCOHOLIC BEVERAGES,55.00,Large,TRUE,https://encrypted-tbn0.gstatic.com/images?q=tbn:ANd9GcTcWKAPNpBPrNwnMLN98hVyg5Vs1x3GOpALlg&s,,15,ALCOHOLIC BEVERAGES,ALKOQOLLU İÇKİLƏR,АЛКОГОЛЬНЫЕ НАПИТКИ,ALKOLLÜ İÇECEKLER,المشروبات الكحولية,अल्कोहल पेय,BOISSONS ALCOOLISÉES,BEVANDE ALCOLICHE,Savalan Limited,Savalan Limited,Savalan Limited,Savalan Limited,سفالان ليمتد,सवालान लिमिटेड,Savalan Limited,Savalan Limited,,,,,,,,,,
298,Savalan Cabernet merlot,,,ALCOHOLIC BEVERAGES,8.50,Regular,TRUE,https://encrypted-tbn0.gstatic.com/images?q=tbn:ANd9GcTcWKAPNpBPrNwnMLN98hVyg5Vs1x3GOpALlg&s,,15,ALCOHOLIC BEVERAGES,ALKOQOLLU İÇKİLƏR,АЛКОГОЛЬНЫЕ НАПИТКИ,ALKOLLÜ İÇECEKLER,المشروبات الكحولية,अल्कोहल पेय,BOISSONS ALCOOLISÉES,BEVANDE ALCOLICHE,Savalan Cabernet merlot,Savalan Cabernet merlot,Savalan Cabernet merlot,Savalan Cabernet merlot,سفالان كابيرنيه ميرلو,सवालान कैबरनेट मर्लोट,Savalan Cabernet merlot,Savalan Cabernet merlot,,,,,,,,,,
299,Savalan Cabernet merlot,,,ALCOHOLIC BEVERAGES,49.00,Large,TRUE,https://encrypted-tbn0.gstatic.com/images?q=tbn:ANd9GcTcWKAPNpBPrNwnMLN98hVyg5Vs1x3GOpALlg&s,,15,ALCOHOLIC BEVERAGES,ALKOQOLLU İÇKİLƏR,АЛКОГОЛЬНЫЕ НАПИТКИ,ALKOLLÜ İÇECEKLER,المشروبات الكحولية,अल्कोहल पेय,BOISSONS ALCOOLISÉES,BEVANDE ALCOLICHE,Savalan Cabernet merlot,Savalan Cabernet merlot,Savalan Cabernet merlot,Savalan Cabernet merlot,سفالان كابيرنيه ميرلو,सवालान कैबरनेट मर्लोट,Savalan Cabernet merlot,Savalan Cabernet merlot,,,,,,,,,,
300,Savalan Ripassato,,,ALCOHOLIC BEVERAGES,12.00,Regular,TRUE,https://encrypted-tbn0.gstatic.com/images?q=tbn:ANd9GcTcWKAPNpBPrNwnMLN98hVyg5Vs1x3GOpALlg&s,,15,ALCOHOLIC BEVERAGES,ALKOQOLLU İÇKİLƏR,АЛКОГОЛЬНЫЕ НАПИТКИ,ALKOLLÜ İÇECEKLER,المشروبات الكحولية,अल्कोहल पेय,BOISSONS ALCOOLISÉES,BEVANDE ALCOLICHE,Savalan Ripassato,Savalan Ripassato,Savalan Ripassato,Savalan Ripassato,سفالان ريباساتو,सवालान रिपासातो,Savalan Ripassato,Savalan Ripassato,,,,,,,,,,
301,Savalan Ripassato,,,ALCOHOLIC BEVERAGES,55.00,Large,TRUE,https://encrypted-tbn0.gstatic.com/images?q=tbn:ANd9GcTcWKAPNpBPrNwnMLN98hVyg5Vs1x3GOpALlg&s,,15,ALCOHOLIC BEVERAGES,ALKOQOLLU İÇKİLƏR,АЛКОГОЛЬНЫЕ НАПИТКИ,ALKOLLÜ İÇECEKLER,المشروبات الكحولية,अल्कोहल पेय,BOISSONS ALCOOLISÉES,BEVANDE ALCOLICHE,Savalan Ripassato,Savalan Ripassato,Savalan Ripassato,Savalan Ripassato,سفالان ريباساتو,सवालान रिपासातो,Savalan Ripassato,Savalan Ripassato,,,,,,,,,,
302,Meysəri Məxməri,,,ALCOHOLIC BEVERAGES,12.00,Regular,TRUE,https://encrypted-tbn0.gstatic.com/images?q=tbn:ANd9GcTcWKAPNpBPrNwnMLN98hVyg5Vs1x3GOpALlg&s,,15,ALCOHOLIC BEVERAGES,ALKOQOLLU İÇKİLƏR,АЛКОГОЛЬНЫЕ НАПИТКИ,ALKOLLÜ İÇECEKLER,المشروبات الكحولية,अल्कोहल पेय,BOISSONS ALCOOLISÉES,BEVANDE ALCOLICHE,Meysəri Məxməri,Meysəri Məxməri,Meysəri Məxməri,Meysəri Məxməri,ميسيري مخمري,मेयसेरी मखमरी,Meysəri Məxməri,Meysəri Məxməri,,,,,,,,,,
303,Meysəri Məxməri,,,ALCOHOLIC BEVERAGES,55.00,Large,TRUE,https://encrypted-tbn0.gstatic.com/images?q=tbn:ANd9GcTcWKAPNpBPrNwnMLN98hVyg5Vs1x3GOpALlg&s,,15,ALCOHOLIC BEVERAGES,ALKOQOLLU İÇKİLƏR,АЛКОГОЛЬНЫЕ НАПИТКИ,ALKOLLÜ İÇECEKLER,المشروبات الكحولية,अल्कोहल पेय,BOISSONS ALCOOLISÉES,BEVANDE ALCOLICHE,Meysəri Məxməri,Meysəri Məxməri,Meysəri Məxməri,Meysəri Məxməri,ميسيري مخمري,मेयसेरी मखमरी,Meysəri Məxməri,Meysəri Məxməri,,,,,,,,,,
304,Meysəri Mərcan,,,ALCOHOLIC BEVERAGES,10.50,Regular,TRUE,https://encrypted-tbn0.gstatic.com/images?q=tbn:ANd9GcTcWKAPNpBPrNwnMLN98hVyg5Vs1x3GOpALlg&s,,15,ALCOHOLIC BEVERAGES,ALKOQOLLU İÇKİLƏR,АЛКОГОЛЬНЫЕ НАПИТКИ,ALKOLLÜ İÇECEKLER,المشروبات الكحولية,अल्कोहल पेय,BOISSONS ALCOOLISÉES,BEVANDE ALCOLICHE,Meysəri Mərcan,Meysəri Mərcan,Meysəri Mərcan,Meysəri Mərcan,ميسيري مرجان,मेयसेरी मरकन,Meysəri Mərcan,Meysəri Mərcan,,,,,,,,,,
305,Meysəri Mərcan,,,ALCOHOLIC BEVERAGES,52.00,Large,TRUE,https://encrypted-tbn0.gstatic.com/images?q=tbn:ANd9GcTcWKAPNpBPrNwnMLN98hVyg5Vs1x3GOpALlg&s,,15,ALCOHOLIC BEVERAGES,ALKOQOLLU İÇKİLƏR,АЛКОГОЛЬНЫЕ НАПИТКИ,ALKOLLÜ İÇECEKLER,المشروبات الكحولية,अल्कोहल पेय,BOISSONS ALCOOLISÉES,BEVANDE ALCOLICHE,Meysəri Mərcan,Meysəri Mərcan,Meysəri Mərcan,Meysəri Mərcan,ميسيري مرجان,मेयसेरी मरकन,Meysəri Mərcan,Meysəri Mərcan,,,,,,,,,,
306,Grante Cabernet Savignon,,,ALCOHOLIC BEVERAGES,7.50,Regular,TRUE,https://encrypted-tbn0.gstatic.com/images?q=tbn:ANd9GcTcWKAPNpBPrNwnMLN98hVyg5Vs1x3GOpALlg&s,,15,ALCOHOLIC BEVERAGES,ALKOQOLLU İÇKİLƏR,АЛКОГОЛЬНЫЕ НАПИТКИ,ALKOLLÜ İÇECEKLER,المشروبات الكحولية,अल्कोहल पेय,BOISSONS ALCOOLISÉES,BEVANDE ALCOLICHE,Grante Cabernet Savignon,Grante Cabernet Savignon,Grante Cabernet Savignon,Grante Cabernet Savignon,غرانتي كابيرنيه سوفينيون,ग्रैंटे कैबरनेट सॉविन्योन,Grante Cabernet Sauvignon,Grante Cabernet Savignon,,,,,,,,,,
307,Grante Cabernet Savignon,,,ALCOHOLIC BEVERAGES,38.00,Large,TRUE,https://encrypted-tbn0.gstatic.com/images?q=tbn:ANd9GcTcWKAPNpBPrNwnMLN98hVyg5Vs1x3GOpALlg&s,,15,ALCOHOLIC BEVERAGES,ALKOQOLLU İÇKİLƏR,АЛКОГОЛЬНЫЕ НАПИТКИ,ALKOLLÜ İÇECEKLER,المشروبات الكحولية,अल्कोहल पेय,BOISSONS ALCOOLISÉES,BEVANDE ALCOLICHE,Grante Cabernet Savignon,Grante Cabernet Savignon,Grante Cabernet Savignon,Grante Cabernet Savignon,غرانتي كابيرنيه سوفينيون,ग्रैंटे कैबरनेट सॉविन्योन,Grante Cabernet Sauvignon,Grante Cabernet Savignon,,,,,,,,,,
308,Grante Pomegranate,,,ALCOHOLIC BEVERAGES,7.50,Regular,TRUE,https://encrypted-tbn0.gstatic.com/images?q=tbn:ANd9GcTcWKAPNpBPrNwnMLN98hVyg5Vs1x3GOpALlg&s,,15,ALCOHOLIC BEVERAGES,ALKOQOLLU İÇKİLƏR,АЛКОГОЛЬНЫЕ НАПИТКИ,ALKOLLÜ İÇECEKLER,المشروبات الكحولية,अल्कोहल पेय,BOISSONS ALCOOLISÉES,BEVANDE ALCOLICHE,Grante Pomegranate,Grante Pomegranate,Grante Pomegranate,Grante Pomegranate,غرانتي رمان,ग्रैंटे पोमेग्रेनेट,Grante Pomegranate,Grante Pomegranate,,,,,,,,,,
309,Grante Pomegranate,,,ALCOHOLIC BEVERAGES,38.00,Large,TRUE,https://encrypted-tbn0.gstatic.com/images?q=tbn:ANd9GcTcWKAPNpBPrNwnMLN98hVyg5Vs1x3GOpALlg&s,,15,ALCOHOLIC BEVERAGES,ALKOQOLLU İÇKİLƏR,АЛКОГОЛЬНЫЕ НАПИТКИ,ALKOLLÜ İÇECEKLER,المشروبات الكحولية,अल्कोहल पेय,BOISSONS ALCOOLISÉES,BEVANDE ALCOLICHE,Grante Pomegranate,Grante Pomegranate,Grante Pomegranate,Grante Pomegranate,غرانتي رمان,ग्रैंटे पोमेग्रेनेट,Grante Pomegranate,Grante Pomegranate,,,,,,,,,,
310,Selected (local),,,ALCOHOLIC BEVERAGES,3.90,Regular,TRUE,https://encrypted-tbn0.gstatic.com/images?q=tbn:ANd9GcTcWKAPNpBPrNwnMLN98hVyg5Vs1x3GOpALlg&s,,15,ALCOHOLIC BEVERAGES,ALKOQOLLU İÇKİLƏR,АЛКОГОЛЬНЫЕ НАПИТКИ,ALKOLLÜ İÇECEKLER,المشروبات الكحولية,अल्कोहल पेय,BOISSONS ALCOOLISÉES,BEVANDE ALCOLICHE,Selected (local),Selected (yerli),Selected (местный),Selected (yerel),سيليكتد (محلي),सिलेक्टेड (स्थानीय),Selected (local),Selected (locale),,,,,,,,,,
311,Selected (local),,,ALCOHOLIC BEVERAGES,28,Large,TRUE,https://encrypted-tbn0.gstatic.com/images?q=tbn:ANd9GcTcWKAPNpBPrNwnMLN98hVyg5Vs1x3GOpALlg&s,,15,ALCOHOLIC BEVERAGES,ALKOQOLLU İÇKİLƏR,АЛКОГОЛЬНЫЕ НАПИТКИ,ALKOLLÜ İÇECEKLER,المشروبات الكحولية,अल्कोहल पेय,BOISSONS ALCOOLISÉES,BEVANDE ALCOLICHE,Selected (local),Selected (yerli),Selected (местный),Selected (yerel),سيليكتد (محلي),सिलेक्टेड (स्थानीय),Selected (local),Selected (locale),,,,,,,,,,
312,Organic (local),,,ALCOHOLIC BEVERAGES,3.90,Regular,TRUE,https://encrypted-tbn0.gstatic.com/images?q=tbn:ANd9GcTcWKAPNpBPrNwnMLN98hVyg5Vs1x3GOpALlg&s,,15,ALCOHOLIC BEVERAGES,ALKOQOLLU İÇKİLƏR,АЛКОГОЛЬНЫЕ НАПИТКИ,ALKOLLÜ İÇECEKLER,المشروبات الكحولية,अल्कोहल पेय,BOISSONS ALCOOLISÉES,BEVANDE ALCOLICHE,Organic (local),Organic (yerli),Organic (местный),Organic (yerel),أورغانيك (محلي),ऑर्गेनिक (स्थानीय),Organic (local),Organic (locale),,,,,,,,,,
313,Organic (local),,,ALCOHOLIC BEVERAGES,28,Large,TRUE,https://encrypted-tbn0.gstatic.com/images?q=tbn:ANd9GcTcWKAPNpBPrNwnMLN98hVyg5Vs1x3GOpALlg&s,,15,ALCOHOLIC BEVERAGES,ALKOQOLLU İÇKİLƏR,АЛКОГОЛЬНЫЕ НАПИТКИ,ALKOLLÜ İÇECEKLER,المشروبات الكحولية,अल्कोहल पेय,BOISSONS ALCOOLISÉES,BEVANDE ALCOLICHE,Organic (local),Organic (yerli),Organic (местный),Organic (yerel),أورغانيك (محلي),ऑर्गेनिक (स्थानीय),Organic (local),Organic (locale),,,,,,,,,,
314,Chivas 18,,,ALCOHOLIC BEVERAGES,17.60,,TRUE,https://encrypted-tbn0.gstatic.com/images?q=tbn:ANd9GcTcWKAPNpBPrNwnMLN98hVyg5Vs1x3GOpALlg&s,,15,ALCOHOLIC BEVERAGES,ALKOQOLLU İÇKİLƏR,АЛКОГОЛЬНЫЕ НАПИТКИ,ALKOLLÜ İÇECEKLER,المشروبات الكحولية,अल्कोहल पेय,BOISSONS ALCOOLISÉES,BEVANDE ALCOLICHE,Chivas 18,Chivas 18,Chivas 18,Chivas 18,شيفاز 18,शिवास 18,Chivas 18,Chivas 18,,,,,,,,,,
315,Chivas 12,,,ALCOHOLIC BEVERAGES,9.90,,TRUE,https://encrypted-tbn0.gstatic.com/images?q=tbn:ANd9GcTcWKAPNpBPrNwnMLN98hVyg5Vs1x3GOpALlg&s,,15,ALCOHOLIC BEVERAGES,ALKOQOLLU İÇKİLƏR,АЛКОГОЛЬНЫЕ НАПИТКИ,ALKOLLÜ İÇECEKLER,المشروبات الكحولية,अल्कोहल पेय,BOISSONS ALCOOLISÉES,BEVANDE ALCOLICHE,Chivas 12,Chivas 12,Chivas 12,Chivas 12,شيفاز 12,शिवास 12,Chivas 12,Chivas 12,,,,,,,,,,
316,Jack Daniels,,,ALCOHOLIC BEVERAGES,9.00,,TRUE,https://encrypted-tbn0.gstatic.com/images?q=tbn:ANd9GcTcWKAPNpBPrNwnMLN98hVyg5Vs1x3GOpALlg&s,,15,ALCOHOLIC BEVERAGES,ALKOQOLLU İÇKİLƏR,АЛКОГОЛЬНЫЕ НАПИТКИ,ALKOLLÜ İÇECEKLER,المشروبات الكحولية,अल्कोहल पेय,BOISSONS ALCOOLISÉES,BEVANDE ALCOLICHE,Jack Daniels,Jack Daniels,Jack Daniels,Jack Daniels,جاك دانييلز,जैक डैनियल्स,Jack Daniels,Jack Daniels,,,,,,,,,,
317,Jameson,,,ALCOHOLIC BEVERAGES,9.00,,TRUE,https://encrypted-tbn0.gstatic.com/images?q=tbn:ANd9GcTcWKAPNpBPrNwnMLN98hVyg5Vs1x3GOpALlg&s,,15,ALCOHOLIC BEVERAGES,ALKOQOLLU İÇKİLƏR,АЛКОГОЛЬНЫЕ НАПИТКИ,ALKOLLÜ İÇECEKLER,المشروبات الكحولية,अल्कोहल पेय,BOISSONS ALCOOLISÉES,BEVANDE ALCOLICHE,Jameson,Jameson,Jameson,Jameson,جيمسون,जेमसन,Jameson,Jameson,,,,,,,,,,
318,Black Label,,,ALCOHOLIC BEVERAGES,9.90,,TRUE,https://encrypted-tbn0.gstatic.com/images?q=tbn:ANd9GcTcWKAPNpBPrNwnMLN98hVyg5Vs1x3GOpALlg&s,,15,ALCOHOLIC BEVERAGES,ALKOQOLLU İÇKİLƏR,АЛКОГОЛЬНЫЕ НАПИТКИ,ALKOLLÜ İÇECEKLER,المشروبات الكحولية,अल्कोहल पेय,BOISSONS ALCOOLISÉES,BEVANDE ALCOLICHE,Black Label,Black Label,Black Label,Black Label,بلاك ليبل,ब्लैक लेबल,Black Label,Black Label,,,,,,,,,,
319,Red Label,,,ALCOHOLIC BEVERAGES,8.40,,TRUE,https://encrypted-tbn0.gstatic.com/images?q=tbn:ANd9GcTcWKAPNpBPrNwnMLN98hVyg5Vs1x3GOpALlg&s,,15,ALCOHOLIC BEVERAGES,ALKOQOLLU İÇKİLƏR,АЛКОГОЛЬНЫЕ НАПИТКИ,ALKOLLÜ İÇECEKLER,المشروبات الكحولية,अल्कोहल पेय,BOISSONS ALCOOLISÉES,BEVANDE ALCOLICHE,Red Label,Red Label,Red Label,Red Label,ريد ليبل,रेड लेबल,Red Label,Red Label,,,,,,,,,,
320,Glenfiddich 18,,,ALCOHOLIC BEVERAGES,17.60,,TRUE,https://encrypted-tbn0.gstatic.com/images?q=tbn:ANd9GcTcWKAPNpBPrNwnMLN98hVyg5Vs1x3GOpALlg&s,,15,ALCOHOLIC BEVERAGES,ALKOQOLLU İÇKİLƏR,АЛКОГОЛЬНЫЕ НАПИТКИ,ALKOLLÜ İÇECEKLER,المشروبات الكحولية,अल्कोहल पेय,BOISSONS ALCOOLISÉES,BEVANDE ALCOLICHE,Glenfiddich 18,Glenfiddich 18,Glenfiddich 18,Glenfiddich 18,غلينفيديتش 18,ग्लेनफिडिच 18,Glenfiddich 18,Glenfiddich 18,,,,,,,,,,
321,Glenfiddich 12,,,ALCOHOLIC BEVERAGES,15.40,,TRUE,https://encrypted-tbn0.gstatic.com/images?q=tbn:ANd9GcTcWKAPNpBPrNwnMLN98hVyg5Vs1x3GOpALlg&s,,15,ALCOHOLIC BEVERAGES,ALKOQOLLU İÇKİLƏR,АЛКОГОЛЬНЫЕ НАПИТКИ,ALKOLLÜ İÇECEKLER,المشروبات الكحولية,अल्कोहल पेय,BOISSONS ALCOOLISÉES,BEVANDE ALCOLICHE,Glenfiddich 12,Glenfiddich 12,Glenfiddich 12,Glenfiddich 12,غلينفيديتش 12,ग्लेनफिडिच 12,Glenfiddich 12,Glenfiddich 12,,,,,,,,,,
322,J&B,,,ALCOHOLIC BEVERAGES,8.40,,TRUE,https://encrypted-tbn0.gstatic.com/images?q=tbn:ANd9GcTcWKAPNpBPrNwnMLN98hVyg5Vs1x3GOpALlg&s,,15,ALCOHOLIC BEVERAGES,ALKOQOLLU İÇKİLƏR,АЛКОГОЛЬНЫЕ НАПИТКИ,ALKOLLÜ İÇECEKLER,المشروبات الكحولية,अल्कोहल पेय,BOISSONS ALCOOLISÉES,BEVANDE ALCOLICHE,J&B,J&B,J&B,J&B,جيه آند بي,जे एंड बी,J&B,J&B,,,,,,,,,,
323,Hennessy V.S.O.P,,,ALCOHOLIC BEVERAGES,19.80,,TRUE,https://encrypted-tbn0.gstatic.com/images?q=tbn:ANd9GcTcWKAPNpBPrNwnMLN98hVyg5Vs1x3GOpALlg&s,,15,ALCOHOLIC BEVERAGES,ALKOQOLLU İÇKİLƏR,АЛКОГОЛЬНЫЕ НАПИТКИ,ALKOLLÜ İÇECEKLER,المشروبات الكحولية,अल्कोहल पेय,BOISSONS ALCOOLISÉES,BEVANDE ALCOLICHE,Hennessy V.S.O.P,Hennessy V.S.O.P,Hennessy V.S.O.P,Hennessy V.S.O.P,هينيسي في.إس.أو.بي,हेनेसी वी.एस.ओ.पी,Hennessy V.S.O.P,Hennessy V.S.O.P,,,,,,,,,,
324,Remy Martin V.S.O.P,,,ALCOHOLIC BEVERAGES,18.70,,TRUE,https://encrypted-tbn0.gstatic.com/images?q=tbn:ANd9GcTcWKAPNpBPrNwnMLN98hVyg5Vs1x3GOpALlg&s,,15,ALCOHOLIC BEVERAGES,ALKOQOLLU İÇKİLƏR,АЛКОГОЛЬНЫЕ НАПИТКИ,ALKOLLÜ İÇECEKLER,المشروبات الكحولية,अल्कोहल पेय,BOISSONS ALCOOLISÉES,BEVANDE ALCOLICHE,Remy Martin V.S.O.P,Remy Martin V.S.O.P,Remy Martin V.S.O.P,Remy Martin V.S.O.P,ريمي مارتان في.إس.أو.بي,रेमी मार्टिन वी.एस.ओ.पी,Remy Martin V.S.O.P,Remy Martin V.S.O.P,,,,,,,,,,
325,Metaxa,,,ALCOHOLIC BEVERAGES,13.20,,TRUE,https://encrypted-tbn0.gstatic.com/images?q=tbn:ANd9GcTcWKAPNpBPrNwnMLN98hVyg5Vs1x3GOpALlg&s,,15,ALCOHOLIC BEVERAGES,ALKOQOLLU İÇKİLƏR,АЛКОГОЛЬНЫЕ НАПИТКИ,ALKOLLÜ İÇECEKLER,المشروبات الكحولية,अल्कोहल पेय,BOISSONS ALCOOLISÉES,BEVANDE ALCOLICHE,Metaxa,Metaxa,Metaxa,Metaxa,ميتاكسا,मेटाक्सा,Metaxa,Metaxa,,,,,,,,,,
326,Gold Baku,,,ALCOHOLIC BEVERAGES,11.00,,TRUE,https://encrypted-tbn0.gstatic.com/images?q=tbn:ANd9GcTcWKAPNpBPrNwnMLN98hVyg5Vs1x3GOpALlg&s,,15,ALCOHOLIC BEVERAGES,ALKOQOLLU İÇKİLƏR,АЛКОГОЛЬНЫЕ НАПИТКИ,ALKOLLÜ İÇECEKLER,المشروبات الكحولية,अल्कोहल पेय,BOISSONS ALCOOLISÉES,BEVANDE ALCOLICHE,Gold Baku,Gold Baku,Gold Baku,Gold Baku,غولد باكو,गोल्ड बाकू,Gold Baku,Gold Baku,,,,,,,,,,
327,Bombay,,,ALCOHOLIC BEVERAGES,7.70,,TRUE,https://encrypted-tbn0.gstatic.com/images?q=tbn:ANd9GcTcWKAPNpBPrNwnMLN98hVyg5Vs1x3GOpALlg&s,,15,ALCOHOLIC BEVERAGES,ALKOQOLLU İÇKİLƏR,АЛКОГОЛЬНЫЕ НАПИТКИ,ALKOLLÜ İÇECEKLER,المشروبات الكحولية,अल्कोहल पेय,BOISSONS ALCOOLISÉES,BEVANDE ALCOLICHE,Bombay,Bombay,Bombay,Bombay,بومباي,बॉम्बे,Bombay,Bombay,,,,,,,,,,
328,Gordon's,,,ALCOHOLIC BEVERAGES,7.70,,TRUE,https://encrypted-tbn0.gstatic.com/images?q=tbn:ANd9GcTcWKAPNpBPrNwnMLN98hVyg5Vs1x3GOpALlg&s,,15,ALCOHOLIC BEVERAGES,ALKOQOLLU İÇKİLƏR,АЛКОГОЛЬНЫЕ НАПИТКИ,ALKOLLÜ İÇECEKLER,المشروبات الكحولية,अल्कोहल पेय,BOISSONS ALCOOLISÉES,BEVANDE ALCOLICHE,Gordon's,Gordon's,Gordon's,Gordon's,غوردونز,गॉर्डन्स,Gordon's,Gordon's,,,,,,,,,,
329,Hendrick's,,,ALCOHOLIC BEVERAGES,9.90,,TRUE,https://encrypted-tbn0.gstatic.com/images?q=tbn:ANd9GcTcWKAPNpBPrNwnMLN98hVyg5Vs1x3GOpALlg&s,,15,ALCOHOLIC BEVERAGES,ALKOQOLLU İÇKİLƏR,АЛКОГОЛЬНЫЕ НАПИТКИ,ALKOLLÜ İÇECEKLER,المشروبات الكحولية,अल्कोहल पेय,BOISSONS ALCOOLISÉES,BEVANDE ALCOLICHE,Hendrick's,Hendrick's,Hendrick's,Hendrick's,هندريكس,हेंड्रिक्स,Hendrick's,Hendrick's,,,,,,,,,,
330,Absolut,,,ALCOHOLIC BEVERAGES,6.60,Regular,TRUE,https://encrypted-tbn0.gstatic.com/images?q=tbn:ANd9GcTcWKAPNpBPrNwnMLN98hVyg5Vs1x3GOpALlg&s,,15,ALCOHOLIC BEVERAGES,ALKOQOLLU İÇKİLƏR,АЛКОГОЛЬНЫЕ НАПИТКИ,ALKOLLÜ İÇECEKLER,المشروبات الكحولية,अल्कोहल पेय,BOISSONS ALCOOLISÉES,BEVANDE ALCOLICHE,Absolut,Absolut,Absolut,Absolut,أبسولوت,अबसोल्यूट,Absolut,Absolut,,,,,,,,,,
331,Absolut,,,ALCOHOLIC BEVERAGES,55,Large,TRUE,https://encrypted-tbn0.gstatic.com/images?q=tbn:ANd9GcTcWKAPNpBPrNwnMLN98hVyg5Vs1x3GOpALlg&s,,15,ALCOHOLIC BEVERAGES,ALKOQOLLU İÇKİLƏR,АЛКОГОЛЬНЫЕ НАПИТКИ,ALKOLLÜ İÇECEKLER,المشروبات الكحولية,अल्कोहल पेय,BOISSONS ALCOOLISÉES,BEVANDE ALCOLICHE,Absolut,Absolut,Absolut,Absolut,أبسولوت,अबसोल्यूट,Absolut,Absolut,,,,,,,,,,
332,Finlandia,,,ALCOHOLIC BEVERAGES,6.60,Regular,TRUE,https://encrypted-tbn0.gstatic.com/images?q=tbn:ANd9GcTcWKAPNpBPrNwnMLN98hVyg5Vs1x3GOpALlg&s,,15,ALCOHOLIC BEVERAGES,ALKOQOLLU İÇKİLƏR,АЛКОГОЛЬНЫЕ НАПИТКИ,ALKOLLÜ İÇECEKLER,المشروبات الكحولية,अल्कोहल पेय,BOISSONS ALCOOLISÉES,BEVANDE ALCOLICHE,Finlandia,Finlandia,Finlandia,Finlandia,فينلانديا,फिनलैंडिया,Finlandia,Finlandia,,,,,,,,,,
333,Finlandia,,,ALCOHOLIC BEVERAGES,55,Large,TRUE,https://encrypted-tbn0.gstatic.com/images?q=tbn:ANd9GcTcWKAPNpBPrNwnMLN98hVyg5Vs1x3GOpALlg&s,,15,ALCOHOLIC BEVERAGES,ALKOQOLLU İÇKİLƏR,АЛКОГОЛЬНЫЕ НАПИТКИ,ALKOLLÜ İÇECEKLER,المشروبات الكحولية,अल्कोहल पेय,BOISSONS ALCOOLISÉES,BEVANDE ALCOLICHE,Finlandia,Finlandia,Finlandia,Finlandia,فينلانديا,फिनलैंडिया,Finlandia,Finlandia,,,,,,,,,,
334,Russian Standard,,,ALCOHOLIC BEVERAGES,6.60,Regular,TRUE,https://encrypted-tbn0.gstatic.com/images?q=tbn:ANd9GcTcWKAPNpBPrNwnMLN98hVyg5Vs1x3GOpALlg&s,,15,ALCOHOLIC BEVERAGES,ALKOQOLLU İÇKİLƏR,АЛКОГОЛЬНЫЕ НАПИТКИ,ALKOLLÜ İÇECEKLER,المشروبات الكحولية,अल्कोहल पेय,BOISSONS ALCOOLISÉES,BEVANDE ALCOLICHE,Russian Standard,Russkiy standart,Russkiy standart,Russian Standard,روسكي ستاندارت,रशियन स्टैंडर्ड,Russian Standard,Russian Standard,,,,,,,,,,
335,Russian Standard,,,ALCOHOLIC BEVERAGES,55,Large,TRUE,https://encrypted-tbn0.gstatic.com/images?q=tbn:ANd9GcTcWKAPNpBPrNwnMLN98hVyg5Vs1x3GOpALlg&s,,15,ALCOHOLIC BEVERAGES,ALKOQOLLU İÇKİLƏR,АЛКОГОЛЬНЫЕ НАПИТКИ,ALKOLLÜ İÇECEKLER,المشروبات الكحولية,अल्कोहल पेय,BOISSONS ALCOOLISÉES,BEVANDE ALCOLICHE,Russian Standard,Russkiy standart,Russkiy standart,Russian Standard,روسكي ستاندارت,रशियन स्टैंडर्ड,Russian Standard,Russian Standard,,,,,,,,,,
336,Onegin,,,ALCOHOLIC BEVERAGES,12,Regular,TRUE,https://encrypted-tbn0.gstatic.com/images?q=tbn:ANd9GcTcWKAPNpBPrNwnMLN98hVyg5Vs1x3GOpALlg&s,,15,ALCOHOLIC BEVERAGES,ALKOQOLLU İÇKİLƏR,АЛКОГОЛЬНЫЕ НАПИТКИ,ALKOLLÜ İÇECEKLER,المشروبات الكحولية,अल्कोहल पेय,BOISSONS ALCOOLISÉES,BEVANDE ALCOLICHE,Onegin,Onegin,Onegin,Onegin,أونيغين,ओनेगिन,Onegin,Onegin,,,,,,,,,,
337,Onegin,,,ALCOHOLIC BEVERAGES,99,Large,TRUE,https://encrypted-tbn0.gstatic.com/images?q=tbn:ANd9GcTcWKAPNpBPrNwnMLN98hVyg5Vs1x3GOpALlg&s,,15,ALCOHOLIC BEVERAGES,ALKOQOLLU İÇKİLƏR,АЛКОГОЛЬНЫЕ НАПИТКИ,ALKOLLÜ İÇECEKLER,المشروبات الكحولية,अल्कोहल पेय,BOISSONS ALCOOLISÉES,BEVANDE ALCOLICHE,Onegin,Onegin,Onegin,Onegin,أونيغين,ओनेगिन,Onegin,Onegin,,,,,,,,,,
338,Chistie Rosi,,,ALCOHOLIC BEVERAGES,11,Regular,TRUE,https://encrypted-tbn0.gstatic.com/images?q=tbn:ANd9GcTcWKAPNpBPrNwnMLN98hVyg5Vs1x3GOpALlg&s,,15,ALCOHOLIC BEVERAGES,ALKOQOLLU İÇKİLƏR,АЛКОГОЛЬНЫЕ НАПИТКИ,ALKOLLÜ İÇECEKLER,المشروبات الكحولية,अल्कोहल पेय,BOISSONS ALCOOLISÉES,BEVANDE ALCOLICHE,Chistie Rosi,Chistie Rosi,Chistie Rosi,Chistie Rosi,تشيستي روسي,चिस्ते रोसी,Chistie Rosi,Chistie Rosi,,,,,,,,,,
339,Chistie Rosi,,,ALCOHOLIC BEVERAGES,88,Large,TRUE,https://encrypted-tbn0.gstatic.com/images?q=tbn:ANd9GcTcWKAPNpBPrNwnMLN98hVyg5Vs1x3GOpALlg&s,,15,ALCOHOLIC BEVERAGES,ALKOQOLLU İÇKİLƏR,АЛКОГОЛЬНЫЕ НАПИТКИ,ALKOLLÜ İÇECEKLER,المشروبات الكحولية,अल्कोहल पेय,BOISSONS ALCOOLISÉES,BEVANDE ALCOLICHE,Chistie Rosi,Chistie Rosi,Chistie Rosi,Chistie Rosi,تشيستي روسي,चिस्ते रोसी,Chistie Rosi,Chistie Rosi,,,,,,,,,,
340,Koordinator,,,ALCOHOLIC BEVERAGES,9,Regular,TRUE,https://encrypted-tbn0.gstatic.com/images?q=tbn:ANd9GcTcWKAPNpBPrNwnMLN98hVyg5Vs1x3GOpALlg&s,,15,ALCOHOLIC BEVERAGES,ALKOQOLLU İÇKİLƏR,АЛКОГОЛЬНЫЕ НАПИТКИ,ALKOLLÜ İÇECEKLER,المشروبات الكحولية,अल्कोहल पेय,BOISSONS ALCOOLISÉES,BEVANDE ALCOLICHE,Koordinator,Koordinator,Koordinator,Koordinator,كوردينيتور,कोऑर्डिनेटर,Koordinator,Koordinator,,,,,,,,,,
341,Koordinator,,,ALCOHOLIC BEVERAGES,77,Large,TRUE,https://encrypted-tbn0.gstatic.com/images?q=tbn:ANd9GcTcWKAPNpBPrNwnMLN98hVyg5Vs1x3GOpALlg&s,,15,ALCOHOLIC BEVERAGES,ALKOQOLLU İÇKİLƏR,АЛКОГОЛЬНЫЕ НАПИТКИ,ALKOLLÜ İÇECEKLER,المشروبات الكحولية,अल्कोहल पेय,BOISSONS ALCOOLISÉES,BEVANDE ALCOLICHE,Koordinator,Koordinator,Koordinator,Koordinator,كوردينيتور,कोऑर्डिनेटर,Koordinator,Koordinator,,,,,,,,,,
342,Grey Goose,,,ALCOHOLIC BEVERAGES,13,Regular,TRUE,https://encrypted-tbn0.gstatic.com/images?q=tbn:ANd9GcTcWKAPNpBPrNwnMLN98hVyg5Vs1x3GOpALlg&s,,15,ALCOHOLIC BEVERAGES,ALKOQOLLU İÇKİLƏR,АЛКОГОЛЬНЫЕ НАПИТКИ,ALKOLLÜ İÇECEKLER,المشروبات الكحولية,अल्कोहल पेय,BOISSONS ALCOOLISÉES,BEVANDE ALCOLICHE,Grey Goose,Grey Goose,Grey Goose,Grey Goose,غراي غوس,ग्रे गूस,Grey Goose,Grey Goose,,,,,,,,,,
343,Grey Goose,,,ALCOHOLIC BEVERAGES,110,Large,TRUE,https://encrypted-tbn0.gstatic.com/images?q=tbn:ANd9GcTcWKAPNpBPrNwnMLN98hVyg5Vs1x3GOpALlg&s,,15,ALCOHOLIC BEVERAGES,ALKOQOLLU İÇKİLƏR,АЛКОГОЛЬНЫЕ НАПИТКИ,ALKOLLÜ İÇECEKLER,المشروبات الكحولية,अल्कोहल पेय,BOISSONS ALCOOLISÉES,BEVANDE ALCOLICHE,Grey Goose,Grey Goose,Grey Goose,Grey Goose,غراي غوس,ग्रे गूस,Grey Goose,Grey Goose,,,,,,,,,,
344,Bacardi (superior),,,ALCOHOLIC BEVERAGES,7.00,,TRUE,https://encrypted-tbn0.gstatic.com/images?q=tbn:ANd9GcTcWKAPNpBPrNwnMLN98hVyg5Vs1x3GOpALlg&s,,15,ALCOHOLIC BEVERAGES,ALKOQOLLU İÇKİLƏR,АЛКОГОЛЬНЫЕ НАПИТКИ,ALKOLLÜ İÇECEKLER,المشروبات الكحولية,अल्कोहल पेय,BOISSONS ALCOOLISÉES,BEVANDE ALCOLICHE,Bacardi (superior),Bacardi (superior),Bacardi (superior),Bacardi (superior),باكاردي (سوبيريور),बकार्डी (सुपीरियर),Bacardi (superior),Bacardi (superior),,,,,,,,,,
345,Bacardi (black),,,ALCOHOLIC BEVERAGES,7.70,,TRUE,https://encrypted-tbn0.gstatic.com/images?q=tbn:ANd9GcTcWKAPNpBPrNwnMLN98hVyg5Vs1x3GOpALlg&s,,15,ALCOHOLIC BEVERAGES,ALKOQOLLU İÇKİLƏR,АЛКОГОЛЬНЫЕ НАПИТКИ,ALKOLLÜ İÇECEKLER,المشروبات الكحولية,अल्कोहल पेय,BOISSONS ALCOOLISÉES,BEVANDE ALCOLICHE,Bacardi (black),Bacardi (black),Bacardi (black),Bacardi (black),باكاردي (بلاك),बकार्डी (ब्लैक),Bacardi (black),Bacardi (black),,,,,,,,,,
346,Bacardi (gold),,,ALCOHOLIC BEVERAGES,7.60,,TRUE,https://encrypted-tbn0.gstatic.com/images?q=tbn:ANd9GcTcWKAPNpBPrNwnMLN98hVyg5Vs1x3GOpALlg&s,,15,ALCOHOLIC BEVERAGES,ALKOQOLLU İÇKİLƏR,АЛКОГОЛЬНЫЕ НАПИТКИ,ALKOLLÜ İÇECEKLER,المشروبات الكحولية,अल्कोहल पेय,BOISSONS ALCOOLISÉES,BEVANDE ALCOLICHE,Bacardi (gold),Bacardi (gold),Bacardi (gold),Bacardi (gold),باكاردي (غولد),बकार्डी (गोल्ड),Bacardi (gold),Bacardi (gold),,,,,,,,,,
347,Captain Morgan (gold),,,ALCOHOLIC BEVERAGES,7.60,,TRUE,https://encrypted-tbn0.gstatic.com/images?q=tbn:ANd9GcTcWKAPNpBPrNwnMLN98hVyg5Vs1x3GOpALlg&s,,15,ALCOHOLIC BEVERAGES,ALKOQOLLU İÇKİLƏR,АЛКОГОЛЬНЫЕ НАПИТКИ,ALKOLLÜ İÇECEKLER,المشروبات الكحولية,अल्कोहल पेय,BOISSONS ALCOOLISÉES,BEVANDE ALCOLICHE,Captain Morgan (gold),Captain Morgan (gold),Captain Morgan (gold),Captain Morgan (gold),كابتن مورغان (غولد),कैप्टन मॉर्गन (गोल्ड),Captain Morgan (gold),Captain Morgan (gold),,,,,,,,,,
348,Captain Morgan (black),,,ALCOHOLIC BEVERAGES,7.60,,TRUE,https://encrypted-tbn0.gstatic.com/images?q=tbn:ANd9GcTcWKAPNpBPrNwnMLN98hVyg5Vs1x3GOpALlg&s,,15,ALCOHOLIC BEVERAGES,ALKOQOLLU İÇKİLƏR,АЛКОГОЛЬНЫЕ НАПИТКИ,ALKOLLÜ İÇECEKLER,المشروبات الكحولية,अल्कोहल पेय,BOISSONS ALCOOLISÉES,BEVANDE ALCOLICHE,Captain Morgan (black),Captain Morgan (black),Captain Morgan (black),Captain Morgan (black),كابتن مورغان (بلاك),कैप्टन मॉर्गन (ब्लैक),Captain Morgan (black),Captain Morgan (black),,,,,,,,,,
349,Baileys,,,ALCOHOLIC BEVERAGES,7.70,,TRUE,https://encrypted-tbn0.gstatic.com/images?q=tbn:ANd9GcTcWKAPNpBPrNwnMLN98hVyg5Vs1x3GOpALlg&s,,15,ALCOHOLIC BEVERAGES,ALKOQOLLU İÇKİLƏR,АЛКОГОЛЬНЫЕ НАПИТКИ,ALKOLLÜ İÇECEKLER,المشروبات الكحولية,अल्कोहल पेय,BOISSONS ALCOOLISÉES,BEVANDE ALCOLICHE,Baileys,Baileys,Baileys,Baileys,بايليز,बेलीज़,Baileys,Baileys,,,,,,,,,,
350,Cointreau,,,ALCOHOLIC BEVERAGES,8.80,,TRUE,https://encrypted-tbn0.gstatic.com/images?q=tbn:ANd9GcTcWKAPNpBPrNwnMLN98hVyg5Vs1x3GOpALlg&s,,15,ALCOHOLIC BEVERAGES,ALKOQOLLU İÇKİLƏR,АЛКОГОЛЬНЫЕ НАПИТКИ,ALKOLLÜ İÇECEKLER,المشروبات الكحولية,अल्कोहल पेय,BOISSONS ALCOOLISÉES,BEVANDE ALCOLICHE,Cointreau,Cointreau,Cointreau,Cointreau,كوانترو,कोइनट्रो,Cointreau,Cointreau,,,,,,,,,,
351,Kahlua,,,ALCOHOLIC BEVERAGES,7.70,,TRUE,https://encrypted-tbn0.gstatic.com/images?q=tbn:ANd9GcTcWKAPNpBPrNwnMLN98hVyg5Vs1x3GOpALlg&s,,15,ALCOHOLIC BEVERAGES,ALKOQOLLU İÇKİLƏR,АЛКОГОЛЬНЫЕ НАПИТКИ,ALKOLLÜ İÇECEKLER,المشروبات الكحولية,अल्कोहल पेय,BOISSONS ALCOOLISÉES,BEVANDE ALCOLICHE,Kahlua,Kahlua,Kahlua,Kahlua,كالوا,कहलुआ,Kahlua,Kahlua,,,,,,,,,,
352,Absinthe,,,ALCOHOLIC BEVERAGES,7.70,,TRUE,https://encrypted-tbn0.gstatic.com/images?q=tbn:ANd9GcTcWKAPNpBPrNwnMLN98hVyg5Vs1x3GOpALlg&s,,15,ALCOHOLIC BEVERAGES,ALKOQOLLU İÇKİLƏR,АЛКОГОЛЬНЫЕ НАПИТКИ,ALKOLLÜ İÇECEKLER,المشروبات الكحولية,अल्कोहल पेय,BOISSONS ALCOOLISÉES,BEVANDE ALCOLICHE,Absinthe,Absent,Absinthe,Absint,أبسانت,अबसिंथ,Absinthe,Assenzio,,,,,,,,,,
353,Sambuca,,,ALCOHOLIC BEVERAGES,9.90,,TRUE,https://encrypted-tbn0.gstatic.com/images?q=tbn:ANd9GcTcWKAPNpBPrNwnMLN98hVyg5Vs1x3GOpALlg&s,,15,ALCOHOLIC BEVERAGES,ALKOQOLLU İÇKİLƏR,АЛКОГОЛЬНЫЕ НАПИТКИ,ALKOLLÜ İÇECEKLER,المشروبات الكحولية,अल्कोहल पेय,BOISSONS ALCOOLISÉES,BEVANDE ALCOLICHE,Sambuca,Sambuca,Sambuca,Sambuca,سامبوكا,सांबुका,Sambuca,Sambuca,,,,,,,,,,
354,Jägermeister,,,ALCOHOLIC BEVERAGES,8.80,,TRUE,https://encrypted-tbn0.gstatic.com/images?q=tbn:ANd9GcTcWKAPNpBPrNwnMLN98hVyg5Vs1x3GOpALlg&s,,15,ALCOHOLIC BEVERAGES,ALKOQOLLU İÇKİLƏR,АЛКОГОЛЬНЫЕ НАПИТКИ,ALKOLLÜ İÇECEKLER,المشروبات الكحولية,अल्कोहल पेय,BOISSONS ALCOOLISÉES,BEVANDE ALCOLICHE,Jägermeister,Jägermeister,Jägermeister,Jägermeister,ياغرمايستر,येगरमाइस्टर,Jägermeister,Jägermeister,,,,,,,,,,
355,Blue Curaçao,,,ALCOHOLIC BEVERAGES,7.70,,TRUE,https://encrypted-tbn0.gstatic.com/images?q=tbn:ANd9GcTcWKAPNpBPrNwnMLN98hVyg5Vs1x3GOpALlg&s,,15,ALCOHOLIC BEVERAGES,ALKOQOLLU İÇKİLƏR,АЛКОГОЛЬНЫЕ НАПИТКИ,ALKOLLÜ İÇECEKLER,المشروبات الكحولية,अल्कोहल पेय,BOISSONS ALCOOLISÉES,BEVANDE ALCOLICHE,Blue Curaçao,Blue Curaçao,Blue Curaçao,Blue Curaçao,بلو كوراساو,ब्लू कुराकाओ,Blue Curaçao,Blue Curaçao,,,,,,,,,,
356,Olmeca Silver,,,ALCOHOLIC BEVERAGES,7.60,,TRUE,https://encrypted-tbn0.gstatic.com/images?q=tbn:ANd9GcTcWKAPNpBPrNwnMLN98hVyg5Vs1x3GOpALlg&s,,15,ALCOHOLIC BEVERAGES,ALKOQOLLU İÇKİLƏR,АЛКОГОЛЬНЫЕ НАПИТКИ,ALKOLLÜ İÇECEKLER,المشروبات الكحولية,अल्कोहल पेय,BOISSONS ALCOOLISÉES,BEVANDE ALCOLICHE,Olmeca Silver,Olmeca Silver,Olmeca Silver,Olmeca Silver,أولميكا سيلفر,ओल्मेका सिल्वर,Olmeca Silver,Olmeca Silver,,,,,,,,,,
357,Olmeca Gold,,,ALCOHOLIC BEVERAGES,7.60,,TRUE,https://encrypted-tbn0.gstatic.com/images?q=tbn:ANd9GcTcWKAPNpBPrNwnMLN98hVyg5Vs1x3GOpALlg&s,,15,ALCOHOLIC BEVERAGES,ALKOQOLLU İÇKİLƏR,АЛКОГОЛЬНЫЕ НАПИТКИ,ALKOLLÜ İÇECEKLER,المشروبات الكحولية,अल्कोहल पेय,BOISSONS ALCOOLISÉES,BEVANDE ALCOLICHE,Olmeca Gold,Olmeca Gold,Olmeca Gold,Olmeca Gold,أولميكا غولد,ओल्मेका गोल्ड,Olmeca Gold,Olmeca Gold,,,,,,,,,,
358,Don Julio,,,ALCOHOLIC BEVERAGES,12.00,,TRUE,https://encrypted-tbn0.gstatic.com/images?q=tbn:ANd9GcTcWKAPNpBPrNwnMLN98hVyg5Vs1x3GOpALlg&s,,15,ALCOHOLIC BEVERAGES,ALKOQOLLU İÇKİLƏR,АЛКОГОЛЬНЫЕ НАПИТКИ,ALKOLLÜ İÇECEKLER,المشروبات الكحولية,अल्कोहल पेय,BOISSONS ALCOOLISÉES,BEVANDE ALCOLICHE,Don Julio,Don Julio,Don Julio,Don Julio,دون خوليو,डॉन जूलियो,Don Julio,Don Julio,,,,,,,,,,
359,Yeni Rakı,,,ALCOHOLIC BEVERAGES,9.90,,TRUE,https://encrypted-tbn0.gstatic.com/images?q=tbn:ANd9GcTcWKAPNpBPrNwnMLN98hVyg5Vs1x3GOpALlg&s,,15,ALCOHOLIC BEVERAGES,ALKOQOLLU İÇKİLƏR,АЛКОГОЛЬНЫЕ НАПИТКИ,ALKOLLÜ İÇECEKLER,المشروبات الكحولية,अल्कोहल पेय,BOISSONS ALCOOLISÉES,BEVANDE ALCOLICHE,Yeni Rakı,Yeni Rakı,Yeni Rakı,Yeni Rakı,يني راكي,येनी राकी,Yeni Rakı,Yeni Rakı,,,,,,,,,,
360,Prosecco Scanavino,,,ALCOHOLIC BEVERAGES,69.00,,TRUE,https://encrypted-tbn0.gstatic.com/images?q=tbn:ANd9GcTcWKAPNpBPrNwnMLN98hVyg5Vs1x3GOpALlg&s,,15,ALCOHOLIC BEVERAGES,ALKOQOLLU İÇKİLƏR,АЛКОГОЛЬНЫЕ НАПИТКИ,ALKOLLÜ İÇECEKLER,المشروبات الكحولية,अल्कोहल पेय,BOISSONS ALCOOLISÉES,BEVANDE ALCOLICHE,Prosecco Scanavino,Prosecco Scanavino,Prosecco Scanavino,Prosecco Scanavino,بروسيكو سكانافينو,प्रोसेक्को स्कानाविनो,Prosecco Scanavino,Prosecco Scanavino,,,,,,,,,,
361,Bottega Gold,,,ALCOHOLIC BEVERAGES,99.00,,TRUE,https://encrypted-tbn0.gstatic.com/images?q=tbn:ANd9GcTcWKAPNpBPrNwnMLN98hVyg5Vs1x3GOpALlg&s,,15,ALCOHOLIC BEVERAGES,ALKOQOLLU İÇKİLƏR,АЛКОГОЛЬНЫЕ НАПИТКИ,ALKOLLÜ İÇECEKLER,المشروبات الكحولية,अल्कोहल पेय,BOISSONS ALCOOLISÉES,BEVANDE ALCOLICHE,Bottega Gold,Bottega Gold,Bottega Gold,Bottega Gold,بوتيغا غولد,बोटेगा गोल्ड,Bottega Gold,Bottega Gold,,,,,,,,,,